Date,Away Team,Away Team Odds,Away Team Decimal Odds,Away Team Implied Probability,Away Probability,Home Probability,Home Team Implied Probability,Home Team Decimal Odds,Home Team Odds,Home Team,source_file,actual_away_score,actual_home_score,actual_winner,prediction_correct,bet_outcome,predicted_winner,prediction_confidence,month
2024-12-05,WPG,-140.0,1.71,0.58,0.4711890439955992,0.5288109560044009,0.45,2.2,120.0,BUF,2024-12-05.csv,3.0,2.0,WPG,False,-1.0,BUF,0.5288109560044009,2024-12
2024-12-05,NSH,-135.0,1.74,0.57,0.4436133567596649,0.556386643240335,0.47,2.15,115.0,MTL,2024-12-05.csv,0.0,3.0,MTL,True,1.15,MTL,0.556386643240335,2024-12
2024-12-05,DET,150.0,2.5,0.4,0.3454477738047235,0.6545522261952768,0.65,1.54,-185.0,OTT,2024-12-05.csv,1.0,2.0,OTT,True,0.5405405405405406,OTT,0.6545522261952768,2024-12
2024-12-05,SJ,220.0,3.2,0.31,0.3951757431631407,0.6048242568368591,0.74,1.36,-275.0,TB,2024-12-05.csv,1.0,8.0,TB,True,0.36363636363636365,TB,0.6048242568368591,2024-12
2024-12-05,FLA,-190.0,1.53,0.65,0.4823558522545637,0.5176441477454362,0.38,2.6,160.0,PHI,2024-12-05.csv,7.0,5.0,FLA,False,-1.0,PHI,0.5176441477454362,2024-12
2024-12-05,COL,125.0,2.25,0.44,0.4534844711627654,0.5465155288372346,0.6,1.67,-150.0,CAR,2024-12-05.csv,3.0,5.0,CAR,True,0.6666666666666666,CAR,0.5465155288372346,2024-12
2024-12-05,SEA,115.0,2.15,0.47,0.5743191840198324,0.4256808159801673,0.57,1.74,-135.0,NYI,2024-12-05.csv,5.0,2.0,SEA,True,1.15,SEA,0.5743191840198324,2024-12
2024-12-05,SEA,200.0,3.0,0.33,0.5743191840198324,0.4256808159801673,0.57,1.74,-135.0,NYI,2024-12-05.csv,5.0,2.0,SEA,True,2.0,SEA,0.5743191840198324,2024-12
2024-12-05,STL,105.0,2.05,0.49,0.5203574432827817,0.4796425567172183,0.56,1.8,-125.0,CGY,2024-12-05.csv,4.0,3.0,STL,True,1.05,STL,0.5203574432827817,2024-12
2024-12-05,CBJ,240.0,3.4,0.29,0.4410641598155439,0.5589358401844559,0.75,1.33,-300.0,EDM,2024-12-05.csv,3.0,6.0,EDM,True,0.3333333333333333,EDM,0.5589358401844559,2024-12
2024-12-05,CBJ,200.0,3.0,0.33,0.4410641598155439,0.5589358401844559,0.75,1.33,-300.0,EDM,2024-12-05.csv,3.0,6.0,EDM,True,0.3333333333333333,EDM,0.5589358401844559,2024-12
2024-12-06,WSH,125.0,2.25,0.44,0.5546671244941727,0.4453328755058273,0.59,1.69,-145.0,TOR,2024-12-06.csv,3.0,1.0,WSH,True,1.25,WSH,0.5546671244941727,2024-12
2024-12-06,WSH,125.0,2.25,0.44,0.5546671244941727,0.4453328755058273,0.61,1.65,-155.0,TOR,2024-12-06.csv,3.0,1.0,WSH,True,1.25,WSH,0.5546671244941727,2024-12
2024-12-06,WSH,-145.0,1.69,0.59,0.5546671244941727,0.4453328755058273,0.59,1.69,-145.0,TOR,2024-12-06.csv,3.0,1.0,WSH,True,0.6896551724137931,WSH,0.5546671244941727,2024-12
2024-12-06,WSH,-145.0,1.69,0.59,0.5546671244941727,0.4453328755058273,0.61,1.65,-155.0,TOR,2024-12-06.csv,3.0,1.0,WSH,True,0.6896551724137931,WSH,0.5546671244941727,2024-12
2024-12-06,SEA,220.0,3.2,0.31,0.4650570491840201,0.53494295081598,0.74,1.36,-275.0,NJ,2024-12-06.csv,2.0,3.0,NJ,True,0.36363636363636365,NJ,0.53494295081598,2024-12
2024-12-06,PIT,165.0,2.65,0.38,0.4126527968088182,0.5873472031911818,0.67,1.5,-200.0,NYR,2024-12-06.csv,2.0,4.0,NYR,True,0.5,NYR,0.5873472031911818,2024-12
2024-12-06,PIT,130.0,2.3,0.43,0.4126527968088182,0.5873472031911818,0.67,1.5,-200.0,NYR,2024-12-06.csv,2.0,4.0,NYR,True,0.5,NYR,0.5873472031911818,2024-12
2024-12-06,CBJ,185.0,2.85,0.35,0.4566733284451897,0.5433266715548101,0.69,1.44,-225.0,VAN,2024-12-06.csv,2.0,5.0,VAN,True,0.4444444444444444,VAN,0.5433266715548101,2024-12
2024-12-06,DAL,-125.0,1.8,0.56,0.5085308104252283,0.4914691895747715,0.49,2.05,105.0,VGK,2024-12-06.csv,2.0,3.0,VGK,False,-1.0,DAL,0.5085308104252283,2024-12
2024-12-06,MIN,-200.0,1.5,0.67,0.5550269285172286,0.4449730714827715,0.38,2.65,165.0,ANA,2024-12-06.csv,5.0,1.0,MIN,True,0.5,MIN,0.5550269285172286,2024-12
2024-12-06,MIN,120.0,2.2,0.45,0.5550269285172286,0.4449730714827715,0.38,2.65,165.0,ANA,2024-12-06.csv,5.0,1.0,MIN,True,1.2,MIN,0.5550269285172286,2024-12
2024-12-07,PHI,135.0,2.35,0.43,0.4869447825596175,0.5130552174403826,0.62,1.62,-160.0,BOS,2024-12-07.csv,3.0,4.0,BOS,True,0.625,BOS,0.5130552174403826,2024-12
2024-12-07,UHC,105.0,2.05,0.49,0.5245468601457661,0.4754531398542339,0.56,1.8,-125.0,BUF,2024-12-07.csv,5.0,2.0,UHC,True,1.05,UHC,0.5245468601457661,2024-12
2024-12-07,WPG,-190.0,1.53,0.65,0.571447696746301,0.4285523032536988,0.39,2.55,155.0,CHI,2024-12-07.csv,4.0,2.0,WPG,True,0.5263157894736842,WPG,0.571447696746301,2024-12
2024-12-07,CAR,-185.0,1.54,0.65,0.6145319276571424,0.3854680723428577,0.4,2.5,150.0,NYI,2024-12-07.csv,3.0,4.0,NYI,False,-1.0,CAR,0.6145319276571424,2024-12
2024-12-07,SJ,310.0,4.1,0.24,0.4189586204892092,0.5810413795107908,0.8,1.25,-400.0,FLA,2024-12-07.csv,1.0,3.0,FLA,True,0.25,FLA,0.5810413795107908,2024-12
2024-12-07,WSH,-150.0,1.67,0.6,0.4327630838689465,0.5672369161310534,0.44,2.25,125.0,MTL,2024-12-07.csv,4.0,2.0,WSH,False,-1.0,MTL,0.5672369161310534,2024-12
2024-12-07,NSH,-105.0,1.95,0.51,0.4850097813000438,0.5149902186999562,0.53,1.87,-115.0,OTT,2024-12-07.csv,1.0,3.0,OTT,True,0.8695652173913043,OTT,0.5149902186999562,2024-12
2024-12-07,COL,-190.0,1.53,0.65,0.6026608395745169,0.397339160425483,0.39,2.55,155.0,DET,2024-12-07.csv,2.0,1.0,COL,True,0.5263157894736842,COL,0.6026608395745169,2024-12
2024-12-07,TOR,-160.0,1.62,0.62,0.4168114144994781,0.5831885855005219,0.43,2.35,135.0,PIT,2024-12-07.csv,2.0,5.0,PIT,True,1.35,PIT,0.5831885855005219,2024-12
2024-12-07,MIN,135.0,2.35,0.43,0.5,0.5,0.62,1.62,-160.0,LA,2024-12-07.csv,1.0,4.0,LA,False,-1.0,LA,0.5,2024-12
2024-12-07,STL,225.0,3.25,0.31,0.4369722180199697,0.5630277819800302,0.74,1.36,-275.0,EDM,2024-12-07.csv,2.0,4.0,EDM,True,0.36363636363636365,EDM,0.5630277819800302,2024-12
2024-12-08,SEA,145.0,2.45,0.41,0.5233499004650942,0.4766500995349058,0.64,1.57,-175.0,NYR,2024-12-08.csv,7.0,5.0,SEA,True,1.45,SEA,0.5233499004650942,2024-12
2024-12-08,SEA,145.0,2.45,0.41,0.5233499004650942,0.4766500995349058,0.71,1.4,-250.0,NYR,2024-12-08.csv,7.0,5.0,SEA,True,1.45,SEA,0.5233499004650942,2024-12
2024-12-08,TB,-115.0,1.87,0.53,0.5482570109778164,0.4517429890221836,0.51,1.95,-105.0,VAN,2024-12-08.csv,4.0,2.0,TB,True,0.8695652173913043,TB,0.5482570109778164,2024-12
2024-12-08,NYI,120.0,2.2,0.45,0.4685284625937904,0.5314715374062094,0.58,1.71,-140.0,OTT,2024-12-08.csv,4.0,2.0,NYI,False,-1.0,OTT,0.5314715374062094,2024-12
2024-12-08,CBJ,140.0,2.4,0.42,0.4729710190410859,0.527028980958914,0.62,1.61,-165.0,WPG,2024-12-08.csv,4.0,1.0,CBJ,False,-1.0,WPG,0.527028980958914,2024-12
2024-12-08,COL,130.0,2.3,0.43,0.4403740151357761,0.5596259848642238,0.61,1.65,-155.0,NJ,2024-12-08.csv,4.0,0.0,COL,False,-1.0,NJ,0.5596259848642238,2024-12
2024-12-08,UHC,-110.0,1.91,0.52,0.5157962795307157,0.4842037204692843,0.52,1.91,-110.0,PHI,2024-12-08.csv,4.0,2.0,UHC,True,0.9090909090909091,UHC,0.5157962795307157,2024-12
2024-12-08,CGY,190.0,2.9,0.34,0.5,0.5,0.69,1.44,-225.0,DAL,2024-12-08.csv,2.0,6.0,DAL,False,-1.0,DAL,0.5,2024-12
2024-12-09,DET,105.0,2.05,0.49,0.3865510866616851,0.613448913338315,0.56,1.8,-125.0,BUF,2024-12-09.csv,6.0,5.0,DET,False,-1.0,BUF,0.613448913338315,2024-12
2024-12-09,CHI,200.0,3.0,0.33,0.4343757862580357,0.5656242137419643,0.71,1.4,-250.0,NYR,2024-12-09.csv,2.0,1.0,CHI,False,-1.0,NYR,0.5656242137419643,2024-12
2024-12-09,ANA,120.0,2.2,0.45,0.3865298508459936,0.6134701491540064,0.59,1.69,-145.0,MTL,2024-12-09.csv,2.0,3.0,MTL,True,0.6896551724137931,MTL,0.6134701491540064,2024-12
2024-12-10,TOR,115.0,2.15,0.47,0.4294368738711336,0.5705631261288664,0.57,1.74,-135.0,NJ,2024-12-10.csv,2.0,1.0,TOR,False,-1.0,NJ,0.5705631261288664,2024-12
2024-12-10,COL,-175.0,1.57,0.64,0.5100535574347024,0.4899464425652976,0.41,2.45,145.0,PIT,2024-12-10.csv,6.0,2.0,COL,True,0.5714285714285714,COL,0.5100535574347024,2024-12
2024-12-10,SJ,375.0,4.75,0.21,0.4358503187031461,0.5641496812968538,0.83,1.2,-500.0,CAR,2024-12-10.csv,2.0,3.0,CAR,True,0.2,CAR,0.5641496812968538,2024-12
2024-12-10,PHI,-120.0,1.83,0.55,0.5,0.5,0.5,2.0,100.0,CBJ,2024-12-10.csv,5.0,3.0,PHI,False,-1.0,CBJ,0.5,2024-12
2024-12-10,LA,-125.0,1.8,0.56,0.5633238455348655,0.4366761544651346,0.49,2.05,105.0,NYI,2024-12-10.csv,3.0,1.0,LA,True,0.8,LA,0.5633238455348655,2024-12
2024-12-10,CGY,145.0,2.45,0.41,0.5332391734661613,0.4667608265338385,0.64,1.57,-175.0,NSH,2024-12-10.csv,4.0,3.0,CGY,True,1.45,CGY,0.5332391734661613,2024-12
2024-12-10,BOS,120.0,2.2,0.45,0.5,0.5,0.58,1.71,-140.0,WPG,2024-12-10.csv,1.0,8.0,WPG,False,-1.0,WPG,0.5,2024-12
2024-12-10,TB,130.0,2.3,0.43,0.4881220120686276,0.5118779879313725,0.61,1.65,-155.0,EDM,2024-12-10.csv,1.0,2.0,EDM,True,0.6451612903225806,EDM,0.5118779879313725,2024-12
2024-12-10,MIN,-105.0,1.95,0.51,0.5,0.5,0.53,1.87,-115.0,UHC,2024-12-10.csv,5.0,4.0,MIN,False,-1.0,UHC,0.5,2024-12
2024-12-10,STL,145.0,2.45,0.41,0.5383283621250783,0.4616716378749216,0.64,1.57,-175.0,VAN,2024-12-10.csv,4.0,3.0,STL,True,1.45,STL,0.5383283621250783,2024-12
2024-12-10,FLA,-190.0,1.53,0.65,0.5344629207399983,0.4655370792600016,0.39,2.55,155.0,SEA,2024-12-10.csv,2.0,1.0,FLA,True,0.5263157894736842,FLA,0.5344629207399983,2024-12
2024-12-11,NYR,-140.0,1.71,0.58,0.5,0.5,0.45,2.2,120.0,BUF,2024-12-11.csv,3.0,2.0,NYR,False,-1.0,BUF,0.5,2024-12
2024-12-11,ANA,200.0,3.0,0.33,0.4460465355348874,0.5539534644651126,0.71,1.4,-250.0,OTT,2024-12-11.csv,1.0,5.0,OTT,True,0.4,OTT,0.5539534644651126,2024-12
2024-12-11,ANA,300.0,4.0,0.25,0.4460465355348874,0.5539534644651126,0.71,1.4,-250.0,OTT,2024-12-11.csv,1.0,5.0,OTT,True,0.4,OTT,0.5539534644651126,2024-12
2024-12-12,ANA,340.0,4.4,0.23,0.4522056017198718,0.5477943982801282,0.82,1.22,-450.0,TOR,2024-12-12.csv,2.0,3.0,TOR,True,0.2222222222222222,TOR,0.5477943982801282,2024-12
2024-12-12,PIT,-120.0,1.83,0.55,0.4918524061510931,0.5081475938489068,0.5,2.0,100.0,MTL,2024-12-12.csv,9.0,2.0,PIT,False,-1.0,MTL,0.5081475938489068,2024-12
2024-12-12,LA,130.0,2.3,0.43,0.5140477301953815,0.4859522698046185,0.61,1.65,-155.0,NJ,2024-12-12.csv,1.0,3.0,NJ,False,-1.0,LA,0.5140477301953815,2024-12
2024-12-12,DET,100.0,2.0,0.5,0.4853362901231043,0.5146637098768956,0.55,1.83,-120.0,PHI,2024-12-12.csv,1.0,4.0,PHI,True,0.8333333333333334,PHI,0.5146637098768956,2024-12
2024-12-12,WSH,-175.0,1.57,0.64,0.4839776477934378,0.516022352206562,0.41,2.45,145.0,CBJ,2024-12-12.csv,2.0,1.0,WSH,False,-1.0,CBJ,0.516022352206562,2024-12
2024-12-12,CHI,155.0,2.55,0.39,0.4867093303020228,0.5132906696979772,0.65,1.53,-190.0,NYI,2024-12-12.csv,4.0,5.0,NYI,True,0.5263157894736842,NYI,0.5132906696979772,2024-12
2024-12-12,SJ,145.0,2.45,0.41,0.5,0.5,0.64,1.57,-175.0,STL,2024-12-12.csv,4.0,3.0,SJ,False,-1.0,STL,0.5,2024-12
2024-12-12,NSH,180.0,2.8,0.36,0.5256081441036426,0.4743918558963573,0.69,1.44,-225.0,DAL,2024-12-12.csv,4.0,1.0,NSH,True,1.8,NSH,0.5256081441036426,2024-12
2024-12-12,VGK,100.0,2.0,0.5,0.5400911454251451,0.4599088545748548,0.55,1.83,-120.0,WPG,2024-12-12.csv,3.0,2.0,VGK,True,1.0,VGK,0.5400911454251451,2024-12
2024-12-12,EDM,-140.0,1.71,0.58,0.5457070315205175,0.4542929684794825,0.45,2.2,120.0,MIN,2024-12-12.csv,7.0,1.0,EDM,True,0.7142857142857143,EDM,0.5457070315205175,2024-12
2024-12-12,UHC,150.0,2.5,0.4,0.533355935860057,0.4666440641399431,0.65,1.54,-185.0,COL,2024-12-12.csv,4.0,1.0,UHC,True,1.5,UHC,0.533355935860057,2024-12
2024-12-12,TB,-155.0,1.65,0.61,0.4732778746501598,0.5267221253498401,0.43,2.3,130.0,CGY,2024-12-12.csv,8.0,3.0,TB,False,-1.0,CGY,0.5267221253498401,2024-12
2024-12-12,TB,-155.0,1.65,0.61,0.4732778746501598,0.5267221253498401,0.48,2.1,110.0,CGY,2024-12-12.csv,8.0,3.0,TB,False,-1.0,CGY,0.5267221253498401,2024-12
2024-12-12,FLA,-185.0,1.54,0.65,0.5641291039247784,0.4358708960752216,0.4,2.5,150.0,VAN,2024-12-12.csv,0.0,4.0,VAN,False,-1.0,FLA,0.5641291039247784,2024-12
2024-12-12,FLA,-130.0,1.77,0.56,0.5641291039247784,0.4358708960752216,0.4,2.5,150.0,VAN,2024-12-12.csv,0.0,4.0,VAN,False,-1.0,FLA,0.5641291039247784,2024-12
2024-12-12,BOS,-115.0,1.87,0.53,0.4921325785094455,0.5078674214905545,0.51,1.95,-105.0,SEA,2024-12-12.csv,1.0,5.0,SEA,True,0.9523809523809523,SEA,0.5078674214905545,2024-12
2024-12-13,OTT,170.0,2.7,0.37,0.5,0.5,0.68,1.48,-210.0,CAR,2024-12-13.csv,3.0,0.0,OTT,False,-1.0,CAR,0.5,2024-12
2024-12-14,CHI,290.0,3.9,0.26,0.4856807527902962,0.5143192472097039,0.79,1.27,-375.0,NJ,2024-12-14.csv,1.0,4.0,NJ,True,0.26666666666666666,NJ,0.5143192472097039,2024-12
2024-12-14,LA,-110.0,1.91,0.52,0.5,0.5,0.52,1.91,-110.0,NYR,2024-12-14.csv,5.0,1.0,LA,False,-1.0,NYR,0.5,2024-12
2024-12-14,PHI,130.0,2.3,0.43,0.5112480972775129,0.4887519027224874,0.61,1.65,-155.0,MIN,2024-12-14.csv,1.0,4.0,MIN,False,-1.0,PHI,0.5112480972775129,2024-12
2024-12-14,VGK,125.0,2.25,0.44,0.5146066720168211,0.4853933279831789,0.59,1.69,-145.0,EDM,2024-12-14.csv,3.0,6.0,EDM,False,-1.0,VGK,0.5146066720168211,2024-12
2024-12-14,PIT,115.0,2.15,0.47,0.5339475224175532,0.4660524775824467,0.57,1.74,-135.0,OTT,2024-12-14.csv,2.0,3.0,OTT,False,-1.0,PIT,0.5339475224175532,2024-12
2024-12-14,TOR,-185.0,1.54,0.65,0.4927368885938842,0.5072631114061159,0.39,2.55,155.0,DET,2024-12-14.csv,2.0,4.0,DET,True,1.55,DET,0.5072631114061159,2024-12
2024-12-14,BUF,155.0,2.55,0.39,0.5493771609276908,0.450622839072309,0.65,1.54,-185.0,WSH,2024-12-14.csv,2.0,4.0,WSH,False,-1.0,BUF,0.5493771609276908,2024-12
2024-12-14,ANA,150.0,2.5,0.4,0.4624981734223076,0.5375018265776922,0.65,1.54,-185.0,CBJ,2024-12-14.csv,4.0,3.0,ANA,False,-1.0,CBJ,0.5375018265776922,2024-12
2024-12-14,MTL,220.0,3.2,0.31,0.4642235937275024,0.5357764062724975,0.74,1.36,-275.0,WPG,2024-12-14.csv,2.0,4.0,WPG,True,0.36363636363636365,WPG,0.5357764062724975,2024-12
2024-12-14,STL,200.0,3.0,0.33,0.5184191987635987,0.4815808012364012,0.71,1.4,-250.0,DAL,2024-12-14.csv,1.0,2.0,DAL,False,-1.0,STL,0.5184191987635987,2024-12
2024-12-14,NSH,145.0,2.45,0.41,0.5163286898428134,0.4836713101571865,0.64,1.57,-175.0,COL,2024-12-14.csv,2.0,5.0,COL,False,-1.0,NSH,0.5163286898428134,2024-12
2024-12-14,FLA,-200.0,1.5,0.67,0.491288372312949,0.5087116276870511,0.38,2.65,165.0,CGY,2024-12-14.csv,0.0,3.0,CGY,True,1.65,CGY,0.5087116276870511,2024-12
2024-12-14,BOS,115.0,2.15,0.47,0.523780856546919,0.4762191434530811,0.57,1.74,-135.0,VAN,2024-12-14.csv,5.0,1.0,BOS,True,1.15,BOS,0.523780856546919,2024-12
2024-12-14,UHC,-190.0,1.53,0.65,0.523122092426509,0.4768779075734909,0.39,2.55,155.0,SJ,2024-12-14.csv,4.0,3.0,UHC,True,0.5263157894736842,UHC,0.523122092426509,2024-12
2024-12-14,TB,-130.0,1.77,0.56,0.5395462659183817,0.4604537340816183,0.48,2.1,110.0,SEA,2024-12-14.csv,5.0,1.0,TB,True,0.7692307692307693,TB,0.5395462659183817,2024-12
2024-12-16,WSH,130.0,2.3,0.43,0.5,0.5,0.61,1.65,-155.0,DAL,2024-12-16.csv,1.0,3.0,DAL,False,-1.0,DAL,0.5,2024-12
2024-12-16,FLA,105.0,2.05,0.49,0.5,0.5,0.56,1.8,-125.0,EDM,2024-12-16.csv,6.0,5.0,FLA,False,-1.0,EDM,0.5,2024-12
2024-12-16,COL,-150.0,1.67,0.6,0.549844716033603,0.4501552839663971,0.44,2.25,125.0,VAN,2024-12-16.csv,1.0,3.0,VAN,False,-1.0,COL,0.549844716033603,2024-12
2024-12-17,BUF,-130.0,1.77,0.56,0.5262089641746437,0.4737910358253562,0.48,2.1,110.0,MTL,2024-12-17.csv,1.0,6.0,MTL,False,-1.0,BUF,0.5262089641746437,2024-12
2024-12-17,CBJ,200.0,3.0,0.33,0.5089309144783467,0.4910690855216532,0.71,1.4,-250.0,TB,2024-12-17.csv,3.0,5.0,TB,False,-1.0,CBJ,0.5089309144783467,2024-12
2024-12-17,LA,-145.0,1.69,0.59,0.4638271741593311,0.5361728258406689,0.45,2.2,120.0,PIT,2024-12-17.csv,2.0,3.0,PIT,True,1.2,PIT,0.5361728258406689,2024-12
2024-12-17,NYI,200.0,3.0,0.33,0.5065396861695196,0.4934603138304804,0.71,1.4,-250.0,CAR,2024-12-17.csv,0.0,4.0,CAR,False,-1.0,NYI,0.5065396861695196,2024-12
2024-12-17,NJ,-185.0,1.54,0.65,0.4902547023540903,0.5097452976459095,0.4,2.5,150.0,STL,2024-12-17.csv,4.0,1.0,NJ,False,-1.0,STL,0.5097452976459095,2024-12
2024-12-17,NYR,125.0,2.25,0.44,0.5585226220140701,0.4414773779859301,0.6,1.67,-150.0,NSH,2024-12-17.csv,0.0,2.0,NSH,False,-1.0,NYR,0.5585226220140701,2024-12
2024-12-17,WSH,-200.0,1.5,0.67,0.5383804891726433,0.4616195108273568,0.38,2.65,165.0,CHI,2024-12-17.csv,2.0,3.0,CHI,False,-1.0,WSH,0.5383804891726433,2024-12
2024-12-17,BOS,-135.0,1.74,0.57,0.4708850774685257,0.5291149225314743,0.47,2.15,115.0,CGY,2024-12-17.csv,4.0,3.0,BOS,False,-1.0,CGY,0.5291149225314743,2024-12
2024-12-17,OTT,-130.0,1.77,0.56,0.5271167350186813,0.4728832649813186,0.48,2.1,110.0,SEA,2024-12-17.csv,3.0,0.0,OTT,True,0.7692307692307693,OTT,0.5271167350186813,2024-12
2024-12-17,WPG,-225.0,1.44,0.69,0.492289240685273,0.5077107593147271,0.35,2.85,185.0,SJ,2024-12-17.csv,4.0,3.0,WPG,False,-1.0,SJ,0.5077107593147271,2024-12
2024-12-17,WPG,-200.0,1.5,0.67,0.492289240685273,0.5077107593147271,0.35,2.85,185.0,SJ,2024-12-17.csv,4.0,3.0,WPG,False,-1.0,SJ,0.5077107593147271,2024-12
2024-12-18,PHI,-105.0,1.95,0.51,0.5,0.5,0.53,1.87,-115.0,DET,2024-12-18.csv,4.0,6.0,DET,False,-1.0,DET,0.5,2024-12
2024-12-18,PHI,140.0,2.4,0.42,0.5,0.5,0.53,1.87,-115.0,DET,2024-12-18.csv,4.0,6.0,DET,False,-1.0,DET,0.5,2024-12
2024-12-18,TOR,115.0,2.15,0.47,0.4862158999844614,0.5137841000155386,0.57,1.74,-135.0,DAL,2024-12-18.csv,5.0,3.0,TOR,False,-1.0,DAL,0.5137841000155386,2024-12
2024-12-18,FLA,-145.0,1.69,0.59,0.4925622794802916,0.5074377205197084,0.45,2.2,120.0,MIN,2024-12-18.csv,6.0,1.0,FLA,False,-1.0,MIN,0.5074377205197084,2024-12
2024-12-18,VAN,100.0,2.0,0.5,0.4658310681903717,0.5341689318096283,0.55,1.83,-120.0,UHC,2024-12-18.csv,2.0,3.0,UHC,True,0.8333333333333334,UHC,0.5341689318096283,2024-12
2024-12-18,VAN,135.0,2.35,0.43,0.4658310681903717,0.5341689318096283,0.55,1.83,-120.0,UHC,2024-12-18.csv,2.0,3.0,UHC,True,0.8333333333333334,UHC,0.5341689318096283,2024-12
2024-12-18,WPG,-165.0,1.61,0.62,0.5121161930251434,0.4878838069748563,0.42,2.4,140.0,ANA,2024-12-18.csv,2.0,3.0,ANA,False,-1.0,WPG,0.5121161930251434,2024-12
2024-12-19,STL,185.0,2.85,0.35,0.508446502827786,0.4915534971722141,0.69,1.44,-225.0,TB,2024-12-19.csv,1.0,3.0,TB,False,-1.0,STL,0.508446502827786,2024-12
2024-12-19,STL,220.0,3.2,0.31,0.508446502827786,0.4915534971722141,0.69,1.44,-225.0,TB,2024-12-19.csv,1.0,3.0,TB,False,-1.0,STL,0.508446502827786,2024-12
2024-12-19,NJ,-225.0,1.44,0.69,0.5,0.5,0.35,2.85,185.0,CBJ,2024-12-19.csv,2.0,4.0,CBJ,False,-1.0,CBJ,0.5,2024-12
2024-12-19,LA,-160.0,1.62,0.62,0.4778180952938846,0.5221819047061155,0.43,2.35,135.0,PHI,2024-12-19.csv,7.0,3.0,LA,False,-1.0,PHI,0.5221819047061155,2024-12
2024-12-19,PIT,135.0,2.35,0.43,0.5441477917952422,0.4558522082047578,0.62,1.62,-160.0,NSH,2024-12-19.csv,5.0,4.0,PIT,True,1.35,PIT,0.5441477917952422,2024-12
2024-12-19,SEA,-145.0,1.69,0.59,0.5341677616878361,0.4658322383121638,0.44,2.25,125.0,CHI,2024-12-19.csv,1.0,3.0,CHI,False,-1.0,SEA,0.5341677616878361,2024-12
2024-12-19,OTT,-135.0,1.74,0.57,0.490256721001739,0.5097432789982611,0.47,2.15,115.0,CGY,2024-12-19.csv,3.0,2.0,OTT,False,-1.0,CGY,0.5097432789982611,2024-12
2024-12-19,BOS,150.0,2.5,0.4,0.4755636304784634,0.5244363695215366,0.65,1.54,-185.0,EDM,2024-12-19.csv,2.0,3.0,EDM,True,0.5405405405405406,EDM,0.5244363695215366,2024-12
2024-12-19,VAN,145.0,2.45,0.41,0.4819453934389875,0.5180546065610124,0.64,1.57,-175.0,VGK,2024-12-19.csv,1.0,3.0,VGK,True,0.5714285714285714,VGK,0.5180546065610124,2024-12
2024-12-19,COL,-275.0,1.36,0.74,0.5,0.5,0.31,3.2,220.0,SJ,2024-12-19.csv,4.0,2.0,COL,False,-1.0,SJ,0.5,2024-12
2024-12-19,COL,-250.0,1.4,0.71,0.5,0.5,0.31,3.2,220.0,SJ,2024-12-19.csv,4.0,2.0,COL,False,-1.0,SJ,0.5,2024-12
2024-12-27,CHI,135.0,2.35,0.43,0.471138974487194,0.528861025512806,0.62,1.62,-160.0,BUF,2024-12-27.csv,2.0,6.0,BUF,True,0.625,BUF,0.528861025512806,2024-12
2024-12-27,TOR,-135.0,1.74,0.57,0.4702221736714556,0.5297778263285444,0.47,2.15,115.0,DET,2024-12-27.csv,5.0,2.0,TOR,False,-1.0,DET,0.5297778263285444,2024-12
2024-12-27,TOR,-135.0,1.74,0.57,0.4702221736714556,0.5297778263285444,0.47,2.15,115.0,DET,2024-12-27.csv,5.0,2.0,TOR,False,-1.0,DET,0.5297778263285444,2024-12
2024-12-27,CAR,110.0,2.1,0.48,0.4689671104047688,0.5310328895952311,0.56,1.77,-130.0,NJ,2024-12-27.csv,2.0,4.0,NJ,True,0.7692307692307693,NJ,0.5310328895952311,2024-12
2024-12-27,CAR,110.0,2.1,0.48,0.4689671104047688,0.5310328895952311,0.47,2.15,115.0,NJ,2024-12-27.csv,2.0,4.0,NJ,True,1.15,NJ,0.5310328895952311,2024-12
2024-12-27,CAR,-135.0,1.74,0.57,0.4689671104047688,0.5310328895952311,0.56,1.77,-130.0,NJ,2024-12-27.csv,2.0,4.0,NJ,True,0.7692307692307693,NJ,0.5310328895952311,2024-12
2024-12-27,CAR,-135.0,1.74,0.57,0.4689671104047688,0.5310328895952311,0.47,2.15,115.0,NJ,2024-12-27.csv,2.0,4.0,NJ,True,1.15,NJ,0.5310328895952311,2024-12
2024-12-27,BOS,-155.0,1.65,0.61,0.4700753819288478,0.5299246180711521,0.43,2.3,130.0,CBJ,2024-12-27.csv,2.0,6.0,CBJ,True,1.3,CBJ,0.5299246180711521,2024-12
2024-12-27,BOS,-155.0,1.65,0.61,0.4700753819288478,0.5299246180711521,0.35,2.85,185.0,CBJ,2024-12-27.csv,2.0,6.0,CBJ,True,1.85,CBJ,0.5299246180711521,2024-12
2024-12-27,BOS,-225.0,1.44,0.69,0.4700753819288478,0.5299246180711521,0.43,2.3,130.0,CBJ,2024-12-27.csv,2.0,6.0,CBJ,True,1.3,CBJ,0.5299246180711521,2024-12
2024-12-27,BOS,-225.0,1.44,0.69,0.4700753819288478,0.5299246180711521,0.35,2.85,185.0,CBJ,2024-12-27.csv,2.0,6.0,CBJ,True,1.85,CBJ,0.5299246180711521,2024-12
2024-12-27,NSH,-135.0,1.74,0.57,0.4716337533930672,0.5283662466069328,0.47,2.15,115.0,STL,2024-12-27.csv,4.0,7.0,STL,True,1.15,STL,0.5283662466069328,2024-12
2024-12-27,MIN,170.0,2.7,0.37,0.4729913576836475,0.5270086423163525,0.68,1.48,-210.0,DAL,2024-12-27.csv,3.0,2.0,MIN,False,-1.0,DAL,0.5270086423163525,2024-12
2024-12-27,COL,-140.0,1.71,0.58,0.4684772390963563,0.5315227609036438,0.45,2.2,120.0,UHC,2024-12-27.csv,4.0,1.0,COL,False,-1.0,UHC,0.5315227609036438,2024-12
2024-12-27,VGK,-275.0,1.36,0.74,0.4732415800836628,0.5267584199163374,0.31,3.2,220.0,SJ,2024-12-27.csv,6.0,3.0,VGK,False,-1.0,SJ,0.5267584199163374,2024-12
2024-12-27,VGK,-275.0,1.36,0.74,0.4732415800836628,0.5267584199163374,0.43,2.3,130.0,SJ,2024-12-27.csv,6.0,3.0,VGK,False,-1.0,SJ,0.5267584199163374,2024-12
2024-12-30,NYR,175.0,2.75,0.36,0.4674466508802414,0.5325533491197587,0.68,1.48,-210.0,FLA,2024-12-30.csv,3.0,5.0,FLA,True,0.47619047619047616,FLA,0.5325533491197587,2024-12
2024-12-30,NSH,105.0,2.05,0.49,0.4681543041553457,0.5318456958446544,0.56,1.8,-125.0,WPG,2024-12-30.csv,0.0,3.0,WPG,True,0.8,WPG,0.5318456958446544,2024-12
2024-12-30,NSH,105.0,2.05,0.49,0.4681543041553457,0.5318456958446544,0.41,2.45,145.0,WPG,2024-12-30.csv,0.0,3.0,WPG,True,1.45,WPG,0.5318456958446544,2024-12
2024-12-30,NSH,135.0,2.35,0.43,0.4681543041553457,0.5318456958446544,0.56,1.8,-125.0,WPG,2024-12-30.csv,0.0,3.0,WPG,True,0.8,WPG,0.5318456958446544,2024-12
2024-12-30,NSH,135.0,2.35,0.43,0.4681543041553457,0.5318456958446544,0.41,2.45,145.0,WPG,2024-12-30.csv,0.0,3.0,WPG,True,1.45,WPG,0.5318456958446544,2024-12
2024-12-30,UHC,-155.0,1.65,0.61,0.466854969113871,0.533145030886129,0.43,2.3,130.0,SEA,2024-12-30.csv,2.0,5.0,SEA,True,1.3,SEA,0.533145030886129,2024-12
2024-12-30,UHC,200.0,3.0,0.33,0.466854969113871,0.533145030886129,0.43,2.3,130.0,SEA,2024-12-30.csv,2.0,5.0,SEA,True,1.3,SEA,0.533145030886129,2024-12
2025-01-02,CAR,105.0,2.05,0.49,0.4661393488682763,0.5338606511317237,0.56,1.8,-125.0,FLA,2025-01-02.csv,3.0,1.0,CAR,False,-1.0,FLA,0.5338606511317237,2025-01
2025-01-02,CAR,105.0,2.05,0.49,0.4661393488682763,0.5338606511317237,0.68,1.48,-210.0,FLA,2025-01-02.csv,3.0,1.0,CAR,False,-1.0,FLA,0.5338606511317237,2025-01
2025-01-02,BOS,-110.0,1.91,0.52,0.4660454704711382,0.5339545295288617,0.52,1.91,-110.0,NYR,2025-01-02.csv,1.0,2.0,NYR,True,0.9090909090909091,NYR,0.5339545295288617,2025-01
2025-01-02,MIN,140.0,2.4,0.42,0.4662202311561249,0.5337797688438749,0.62,1.61,-165.0,WSH,2025-01-02.csv,4.0,3.0,MIN,False,-1.0,WSH,0.5337797688438749,2025-01
2025-01-02,DET,-105.0,1.95,0.51,0.4661047726711431,0.5338952273288567,0.53,1.87,-115.0,CBJ,2025-01-02.csv,5.0,4.0,DET,False,-1.0,CBJ,0.5338952273288567,2025-01
2025-01-02,TOR,-110.0,1.91,0.52,0.4660773897039166,0.5339226102960836,0.52,1.91,-110.0,NYI,2025-01-02.csv,2.0,1.0,TOR,False,-1.0,NYI,0.5339226102960836,2025-01
2025-01-02,OTT,155.0,2.55,0.39,0.4660364455423578,0.5339635544576422,0.65,1.53,-190.0,DAL,2025-01-02.csv,2.0,4.0,DAL,True,0.5263157894736842,DAL,0.5339635544576422,2025-01
2025-01-02,OTT,-115.0,1.87,0.53,0.4660364455423578,0.5339635544576422,0.65,1.53,-190.0,DAL,2025-01-02.csv,2.0,4.0,DAL,True,0.5263157894736842,DAL,0.5339635544576422,2025-01
2025-01-02,ANA,225.0,3.25,0.31,0.4663056867457592,0.5336943132542408,0.74,1.36,-275.0,WPG,2025-01-02.csv,4.0,3.0,ANA,False,-1.0,WPG,0.5336943132542408,2025-01
2025-01-02,ANA,300.0,4.0,0.25,0.4663056867457592,0.5336943132542408,0.74,1.36,-275.0,WPG,2025-01-02.csv,4.0,3.0,ANA,False,-1.0,WPG,0.5336943132542408,2025-01
2025-01-02,BUF,170.0,2.7,0.37,0.4661311868570316,0.5338688131429686,0.68,1.48,-210.0,COL,2025-01-02.csv,5.0,6.0,COL,True,0.47619047619047616,COL,0.5338688131429686,2025-01
2025-01-02,UHC,-125.0,1.8,0.56,0.4660290455268123,0.5339709544731875,0.49,2.05,105.0,CGY,2025-01-02.csv,5.0,3.0,UHC,False,-1.0,CGY,0.5339709544731875,2025-01
2025-01-02,PHI,155.0,2.55,0.39,0.4660667550468353,0.5339332449531646,0.65,1.53,-190.0,VGK,2025-01-02.csv,2.0,5.0,VGK,True,0.5263157894736842,VGK,0.5339332449531646,2025-01
2025-01-02,VAN,-105.0,1.95,0.51,0.4660326973853363,0.5339673026146635,0.53,1.87,-115.0,SEA,2025-01-02.csv,4.0,3.0,VAN,False,-1.0,SEA,0.5339673026146635,2025-01
2025-01-02,VAN,105.0,2.05,0.49,0.4660326973853363,0.5339673026146635,0.53,1.87,-115.0,SEA,2025-01-02.csv,4.0,3.0,VAN,False,-1.0,SEA,0.5339673026146635,2025-01
2025-01-02,TB,-275.0,1.36,0.74,0.4659995735784535,0.5340004264215462,0.31,3.25,225.0,SJ,2025-01-02.csv,1.0,2.0,SJ,True,2.25,SJ,0.5340004264215462,2025-01
2025-01-03,PIT,155.0,2.55,0.39,0.3625804364172136,0.6374195635827862,0.65,1.53,-190.0,FLA,2025-01-03.csv,2.0,3.0,FLA,True,0.5263157894736842,FLA,0.6374195635827862,2025-01
2025-01-03,MTL,-145.0,1.69,0.59,0.5,0.5,0.45,2.2,120.0,CHI,2025-01-03.csv,2.0,4.0,CHI,False,-1.0,CHI,0.5,2025-01
2025-01-03,MTL,220.0,3.2,0.31,0.5,0.5,0.45,2.2,120.0,CHI,2025-01-03.csv,2.0,4.0,CHI,False,-1.0,CHI,0.5,2025-01
2025-01-03,OTT,100.0,2.0,0.5,0.4680818006091742,0.5319181993908257,0.55,1.83,-120.0,STL,2025-01-03.csv,0.0,4.0,STL,True,0.8333333333333334,STL,0.5319181993908257,2025-01
2025-01-03,OTT,100.0,2.0,0.5,0.4680818006091742,0.5319181993908257,0.48,2.1,110.0,STL,2025-01-03.csv,0.0,4.0,STL,True,1.1,STL,0.5319181993908257,2025-01
2025-01-03,ANA,375.0,4.75,0.21,0.3292668807834509,0.6707331192165491,0.83,1.2,-500.0,EDM,2025-01-03.csv,2.0,3.0,EDM,True,0.2,EDM,0.6707331192165491,2025-01
2025-01-03,ANA,375.0,4.75,0.21,0.3292668807834509,0.6707331192165491,0.62,1.61,-165.0,EDM,2025-01-03.csv,2.0,3.0,EDM,True,0.6060606060606061,EDM,0.6707331192165491,2025-01
2025-01-03,NSH,-190.0,1.53,0.65,0.5604725354551932,0.4395274645448068,0.38,2.6,160.0,VAN,2025-01-03.csv,3.0,0.0,NSH,True,0.5263157894736842,NSH,0.5604725354551932,2025-01
2025-01-03,NSH,-115.0,1.87,0.53,0.5604725354551932,0.4395274645448068,0.38,2.6,160.0,VAN,2025-01-03.csv,3.0,0.0,NSH,True,0.8695652173913043,NSH,0.5604725354551932,2025-01
2025-01-06,WSH,-150.0,1.67,0.6,0.4799820812195114,0.5200179187804884,0.44,2.25,125.0,BUF,2025-01-06.csv,3.0,4.0,BUF,True,1.25,BUF,0.5200179187804884,2025-01
2025-01-06,VAN,-130.0,1.77,0.56,0.4179992617421507,0.5820007382578491,0.48,2.1,110.0,MTL,2025-01-06.csv,4.0,5.0,MTL,True,1.1,MTL,0.5820007382578491,2025-01
2025-01-06,FLA,105.0,2.05,0.49,0.6230537412788494,0.3769462587211507,0.56,1.8,-125.0,COL,2025-01-06.csv,1.0,3.0,COL,False,-1.0,FLA,0.6230537412788494,2025-01
2025-01-06,NJ,-250.0,1.4,0.71,0.5784399147020287,0.4215600852979713,0.33,3.0,200.0,SEA,2025-01-06.csv,3.0,2.0,NJ,True,0.4,NJ,0.5784399147020287,2025-01
2025-01-08,VAN,150.0,2.5,0.4,0.4732220001244521,0.526777999875548,0.65,1.54,-185.0,WSH,2025-01-08.csv,1.0,2.0,WSH,True,0.5405405405405406,WSH,0.526777999875548,2025-01
2025-01-08,COL,-250.0,1.4,0.71,0.6393917236850569,0.3606082763149431,0.33,3.0,200.0,CHI,2025-01-08.csv,1.0,3.0,CHI,False,-1.0,COL,0.6393917236850569,2025-01
2025-01-08,COL,-145.0,1.69,0.59,0.6393917236850569,0.3606082763149431,0.33,3.0,200.0,CHI,2025-01-08.csv,1.0,3.0,CHI,False,-1.0,COL,0.6393917236850569,2025-01
2025-01-08,FLA,-145.0,1.69,0.59,0.5612858429641905,0.4387141570358095,0.44,2.25,125.0,UHC,2025-01-08.csv,4.0,1.0,FLA,True,0.6896551724137931,FLA,0.5612858429641905,2025-01
2025-01-08,CGY,,,,0.4880274796967493,0.5119725203032507,,,,LA,2025-01-08.csv,,,,,,LA,0.5119725203032507,2025-01
2025-01-09,BUF,135.0,2.35,0.43,0.410557128425649,0.5894428715743509,0.62,1.62,-160.0,OTT,2025-01-09.csv,4.0,0.0,BUF,False,-1.0,OTT,0.5894428715743509,2025-01
2025-01-09,BOS,140.0,2.4,0.42,0.422379023997136,0.5776209760028641,0.62,1.61,-165.0,TB,2025-01-09.csv,1.0,4.0,TB,True,0.6060606060606061,TB,0.5776209760028641,2025-01
2025-01-09,NJ,-160.0,1.62,0.62,0.6540199131486838,0.3459800868513162,0.43,2.35,135.0,NYR,2025-01-09.csv,2.0,3.0,NYR,False,-1.0,NJ,0.6540199131486838,2025-01
2025-01-09,DAL,-155.0,1.65,0.61,0.4934180908559948,0.5065819091440052,0.43,2.3,130.0,PHI,2025-01-09.csv,4.0,1.0,DAL,False,-1.0,PHI,0.5065819091440052,2025-01
2025-01-09,EDM,-225.0,1.44,0.69,0.5453957230558716,0.4546042769441284,0.35,2.85,185.0,PIT,2025-01-09.csv,3.0,5.0,PIT,False,-1.0,EDM,0.5453957230558716,2025-01
2025-01-09,SEA,-125.0,1.8,0.56,0.4070328974864639,0.5929671025135362,0.49,2.05,105.0,CBJ,2025-01-09.csv,2.0,6.0,CBJ,True,1.05,CBJ,0.5929671025135362,2025-01
2025-01-09,TOR,145.0,2.45,0.41,0.3233970290105043,0.6766029709894956,0.64,1.57,-175.0,CAR,2025-01-09.csv,3.0,6.0,CAR,True,0.5714285714285714,CAR,0.6766029709894956,2025-01
2025-01-09,ANA,170.0,2.7,0.37,0.3726381274949822,0.6273618725050177,0.68,1.48,-210.0,STL,2025-01-09.csv,2.0,6.0,STL,True,0.47619047619047616,STL,0.6273618725050177,2025-01
2025-01-09,COL,-150.0,1.67,0.6,0.6496624379069985,0.3503375620930014,0.44,2.25,125.0,MIN,2025-01-09.csv,6.0,1.0,COL,True,0.6666666666666666,COL,0.6496624379069985,2025-01
2025-01-09,NYI,145.0,2.45,0.41,0.4417235349939958,0.5582764650060043,0.64,1.57,-175.0,VGK,2025-01-09.csv,4.0,0.0,NYI,False,-1.0,VGK,0.5582764650060043,2025-01
2025-01-10,CHI,150.0,2.5,0.4,0.3532744009445401,0.6467255990554598,0.65,1.54,-185.0,DET,2025-01-10.csv,3.0,5.0,DET,True,0.5405405405405406,DET,0.6467255990554598,2025-01
2025-01-10,CHI,225.0,3.25,0.31,0.3532744009445401,0.6467255990554598,0.65,1.54,-185.0,DET,2025-01-10.csv,3.0,5.0,DET,True,0.5405405405405406,DET,0.6467255990554598,2025-01
2025-01-10,MTL,185.0,2.85,0.35,0.572980011605235,0.427019988394765,0.69,1.44,-225.0,WSH,2025-01-10.csv,3.0,2.0,MTL,True,1.85,MTL,0.572980011605235,2025-01
2025-01-10,MTL,185.0,2.85,0.35,0.572980011605235,0.427019988394765,0.49,2.05,105.0,WSH,2025-01-10.csv,3.0,2.0,MTL,True,1.85,MTL,0.572980011605235,2025-01
2025-01-10,MTL,175.0,2.75,0.36,0.572980011605235,0.427019988394765,0.69,1.44,-225.0,WSH,2025-01-10.csv,3.0,2.0,MTL,True,1.75,MTL,0.572980011605235,2025-01
2025-01-10,MTL,175.0,2.75,0.36,0.572980011605235,0.427019988394765,0.49,2.05,105.0,WSH,2025-01-10.csv,3.0,2.0,MTL,True,1.75,MTL,0.572980011605235,2025-01
2025-01-10,VAN,145.0,2.45,0.41,0.3781134126376229,0.6218865873623772,0.64,1.57,-175.0,CAR,2025-01-10.csv,0.0,2.0,CAR,True,0.5714285714285714,CAR,0.6218865873623772,2025-01
2025-01-10,VAN,155.0,2.55,0.39,0.3781134126376229,0.6218865873623772,0.64,1.57,-175.0,CAR,2025-01-10.csv,0.0,2.0,CAR,True,0.5714285714285714,CAR,0.6218865873623772,2025-01
2025-01-10,LA,-110.0,1.91,0.52,0.4814206167358349,0.5185793832641651,0.52,1.91,-110.0,WPG,2025-01-10.csv,2.0,1.0,LA,False,-1.0,WPG,0.5185793832641651,2025-01
2025-01-10,LA,-110.0,1.91,0.52,0.4814206167358349,0.5185793832641651,0.5,2.0,100.0,WPG,2025-01-10.csv,2.0,1.0,LA,False,-1.0,WPG,0.5185793832641651,2025-01
2025-01-10,LA,-125.0,1.8,0.56,0.4814206167358349,0.5185793832641651,0.52,1.91,-110.0,WPG,2025-01-10.csv,2.0,1.0,LA,False,-1.0,WPG,0.5185793832641651,2025-01
2025-01-10,LA,-125.0,1.8,0.56,0.4814206167358349,0.5185793832641651,0.5,2.0,100.0,WPG,2025-01-10.csv,2.0,1.0,LA,False,-1.0,WPG,0.5185793832641651,2025-01
2025-01-10,SJ,220.0,3.2,0.31,0.418783876233406,0.5812161237665942,0.74,1.36,-275.0,UHC,2025-01-10.csv,1.0,2.0,UHC,True,0.36363636363636365,UHC,0.5812161237665942,2025-01
2025-01-10,SJ,220.0,3.2,0.31,0.418783876233406,0.5812161237665942,0.55,1.83,-120.0,UHC,2025-01-10.csv,1.0,2.0,UHC,True,0.8333333333333334,UHC,0.5812161237665942,2025-01
2025-01-10,SJ,145.0,2.45,0.41,0.418783876233406,0.5812161237665942,0.74,1.36,-275.0,UHC,2025-01-10.csv,1.0,2.0,UHC,True,0.36363636363636365,UHC,0.5812161237665942,2025-01
2025-01-10,SJ,145.0,2.45,0.41,0.418783876233406,0.5812161237665942,0.55,1.83,-120.0,UHC,2025-01-10.csv,1.0,2.0,UHC,True,0.8333333333333334,UHC,0.5812161237665942,2025-01
2025-01-11,BOS,165.0,2.65,0.38,0.3466101361747018,0.6533898638252984,0.67,1.5,-200.0,FLA,2025-01-11.csv,4.0,3.0,BOS,False,-1.0,FLA,0.6533898638252984,2025-01
2025-01-11,SEA,115.0,2.15,0.47,0.427423558212493,0.5725764417875072,0.57,1.74,-135.0,BUF,2025-01-11.csv,6.0,2.0,SEA,False,-1.0,BUF,0.5725764417875072,2025-01
2025-01-11,OTT,-115.0,1.87,0.53,0.5538264576831652,0.4461735423168347,0.51,1.95,-105.0,PIT,2025-01-11.csv,5.0,0.0,OTT,True,0.8695652173913043,OTT,0.5538264576831652,2025-01
2025-01-11,VAN,145.0,2.45,0.41,0.4594592181547574,0.5405407818452427,0.64,1.57,-175.0,TOR,2025-01-11.csv,3.0,0.0,VAN,False,-1.0,TOR,0.5405407818452427,2025-01
2025-01-11,DAL,-225.0,1.44,0.69,0.5355771185275023,0.4644228814724975,0.35,2.85,185.0,MTL,2025-01-11.csv,2.0,1.0,DAL,True,0.4444444444444444,DAL,0.5355771185275023,2025-01
2025-01-11,TB,115.0,2.15,0.47,0.4033661884504126,0.5966338115495874,0.57,1.74,-135.0,NJ,2025-01-11.csv,2.0,3.0,NJ,True,0.7407407407407407,NJ,0.5966338115495874,2025-01
2025-01-11,ANA,165.0,2.65,0.38,0.3231252554070524,0.6768747445929476,0.67,1.5,-200.0,PHI,2025-01-11.csv,0.0,6.0,PHI,True,0.5,PHI,0.6768747445929476,2025-01
2025-01-11,EDM,-400.0,1.25,0.8,0.5297284671780345,0.4702715328219655,0.24,4.1,310.0,CHI,2025-01-11.csv,4.0,3.0,EDM,True,0.25,EDM,0.5297284671780345,2025-01
2025-01-11,CBJ,150.0,2.5,0.4,0.3684011686698407,0.631598831330159,0.65,1.54,-185.0,STL,2025-01-11.csv,2.0,1.0,CBJ,False,-1.0,STL,0.631598831330159,2025-01
2025-01-11,COL,-120.0,1.83,0.55,0.552967517327119,0.4470324826728808,0.5,2.0,100.0,WPG,2025-01-11.csv,0.0,3.0,WPG,False,-1.0,COL,0.552967517327119,2025-01
2025-01-11,WSH,125.0,2.25,0.44,0.4232741148202775,0.5767258851797225,0.6,1.67,-150.0,NSH,2025-01-11.csv,4.0,1.0,WSH,False,-1.0,NSH,0.5767258851797225,2025-01
2025-01-11,NYI,-110.0,1.91,0.52,0.5774882499736117,0.4225117500263883,0.52,1.91,-110.0,UHC,2025-01-11.csv,2.0,1.0,NYI,True,0.9090909090909091,NYI,0.5774882499736117,2025-01
2025-01-11,LA,-115.0,1.87,0.53,0.3978733992970414,0.6021266007029585,0.51,1.95,-105.0,CGY,2025-01-11.csv,1.0,2.0,CGY,True,0.9523809523809523,CGY,0.6021266007029585,2025-01
2025-01-11,NYR,140.0,2.4,0.42,0.3490419967383062,0.6509580032616937,0.62,1.61,-165.0,VGK,2025-01-11.csv,2.0,1.0,NYR,False,-1.0,VGK,0.6509580032616937,2025-01
2025-01-11,MIN,-210.0,1.48,0.68,0.469387415281666,0.530612584718334,0.37,2.7,170.0,SJ,2025-01-11.csv,3.0,1.0,MIN,False,-1.0,SJ,0.530612584718334,2025-01
2025-01-12,SEA,135.0,2.35,0.43,0.4065479793280322,0.5934520206719679,0.62,1.62,-160.0,DET,2025-01-12.csv,2.0,6.0,DET,True,0.625,DET,0.5934520206719679,2025-01
2025-01-12,DAL,-140.0,1.71,0.58,0.5458026378680485,0.4541973621319515,0.45,2.2,120.0,OTT,2025-01-12.csv,2.0,3.0,OTT,False,-1.0,DAL,0.5458026378680485,2025-01
2025-01-12,TB,-150.0,1.67,0.6,0.5126569322036927,0.4873430677963071,0.44,2.25,125.0,PIT,2025-01-12.csv,5.0,2.0,TB,True,0.6666666666666666,TB,0.5126569322036927,2025-01
2025-01-12,ANA,400.0,5.0,0.2,0.3437539908816061,0.6562460091183938,0.85,1.18,-550.0,CAR,2025-01-12.csv,3.0,2.0,ANA,False,-1.0,CAR,0.6562460091183938,2025-01
2025-01-12,MIN,165.0,2.65,0.38,0.338252597725139,0.6617474022748611,0.67,1.5,-200.0,VGK,2025-01-12.csv,1.0,4.0,VGK,True,0.5,VGK,0.6617474022748611,2025-01
2025-01-13,FLA,-190.0,1.53,0.65,0.5744526096388735,0.4255473903611265,0.39,2.55,155.0,PHI,2025-01-13.csv,3.0,4.0,PHI,False,-1.0,FLA,0.5744526096388735,2025-01
2025-01-13,FLA,-190.0,1.53,0.65,0.5744526096388735,0.4255473903611265,0.5,2.0,100.0,PHI,2025-01-13.csv,3.0,4.0,PHI,False,-1.0,FLA,0.5744526096388735,2025-01
2025-01-13,FLA,120.0,2.2,0.45,0.5744526096388735,0.4255473903611265,0.39,2.55,155.0,PHI,2025-01-13.csv,3.0,4.0,PHI,False,-1.0,FLA,0.5744526096388735,2025-01
2025-01-13,FLA,120.0,2.2,0.45,0.5744526096388735,0.4255473903611265,0.5,2.0,100.0,PHI,2025-01-13.csv,3.0,4.0,PHI,False,-1.0,FLA,0.5744526096388735,2025-01
2025-01-13,CGY,-160.0,1.62,0.62,0.61504620336126,0.3849537966387402,0.43,2.35,135.0,CHI,2025-01-13.csv,5.0,2.0,CGY,True,0.625,CGY,0.61504620336126,2025-01
2025-01-13,CGY,130.0,2.3,0.43,0.61504620336126,0.3849537966387402,0.43,2.35,135.0,CHI,2025-01-13.csv,5.0,2.0,CGY,True,1.3,CGY,0.61504620336126,2025-01
2025-01-13,LA,170.0,2.7,0.37,0.3521166920851689,0.6478833079148313,0.68,1.48,-210.0,EDM,2025-01-13.csv,0.0,1.0,EDM,True,0.47619047619047616,EDM,0.6478833079148313,2025-01
2025-01-14,TB,-140.0,1.71,0.58,0.4599683937242112,0.540031606275789,0.45,2.2,120.0,BOS,2025-01-14.csv,2.0,6.0,BOS,True,1.2,BOS,0.540031606275789,2025-01
2025-01-14,DAL,-130.0,1.77,0.56,0.5,0.5,0.48,2.1,110.0,TOR,2025-01-14.csv,4.0,1.0,DAL,False,-1.0,TOR,0.5,2025-01
2025-01-14,SJ,155.0,2.55,0.39,0.4267759074725228,0.5732240925274771,0.65,1.53,-190.0,DET,2025-01-14.csv,6.0,3.0,SJ,False,-1.0,DET,0.5732240925274771,2025-01
2025-01-14,SEA,110.0,2.1,0.48,0.3944717130190547,0.6055282869809453,0.56,1.77,-130.0,PIT,2025-01-14.csv,4.0,2.0,SEA,False,-1.0,PIT,0.6055282869809453,2025-01
2025-01-14,ANA,220.0,3.2,0.31,0.333883794957353,0.6661162050426471,0.74,1.36,-275.0,WSH,2025-01-14.csv,0.0,3.0,WSH,True,0.36363636363636365,WSH,0.6661162050426471,2025-01
2025-01-14,PHI,-120.0,1.83,0.55,0.4708816781946509,0.5291183218053491,0.5,2.0,100.0,CBJ,2025-01-14.csv,2.0,3.0,CBJ,True,1.0,CBJ,0.5291183218053491,2025-01
2025-01-14,FLA,130.0,2.3,0.43,0.5359034261960025,0.4640965738039974,0.61,1.65,-155.0,NJ,2025-01-14.csv,2.0,1.0,FLA,True,1.3,FLA,0.5359034261960025,2025-01
2025-01-14,OTT,100.0,2.0,0.5,0.4325070779686323,0.5674929220313677,0.55,1.83,-120.0,NYI,2025-01-14.csv,2.0,0.0,OTT,False,-1.0,NYI,0.5674929220313677,2025-01
2025-01-14,CGY,140.0,2.4,0.42,0.4707375260708394,0.5292624739291606,0.62,1.61,-165.0,STL,2025-01-14.csv,1.0,2.0,STL,True,0.6060606060606061,STL,0.5292624739291606,2025-01
2025-01-14,VGK,-125.0,1.8,0.56,0.5308847340311759,0.4691152659688242,0.49,2.05,105.0,NSH,2025-01-14.csv,3.0,5.0,NSH,False,-1.0,VGK,0.5308847340311759,2025-01
2025-01-14,VAN,135.0,2.35,0.43,0.4188440208789424,0.5811559791210575,0.62,1.62,-160.0,WPG,2025-01-14.csv,1.0,6.0,WPG,True,0.625,WPG,0.5811559791210575,2025-01
2025-01-14,NYR,125.0,2.25,0.44,0.4276775446893061,0.5723224553106939,0.6,1.67,-150.0,COL,2025-01-14.csv,2.0,3.0,COL,True,0.6666666666666666,COL,0.5723224553106939,2025-01
2025-01-14,MTL,135.0,2.35,0.43,0.5447962428191137,0.4552037571808863,0.62,1.62,-160.0,UHC,2025-01-14.csv,5.0,3.0,MTL,True,1.35,MTL,0.5447962428191137,2025-01
2025-01-15,CAR,-190.0,1.53,0.65,0.5912786866835071,0.4087213133164928,0.39,2.55,155.0,BUF,2025-01-15.csv,2.0,4.0,BUF,False,-1.0,CAR,0.5912786866835071,2025-01
2025-01-15,EDM,-225.0,1.44,0.69,0.5972554161710836,0.4027445838289166,0.35,2.85,185.0,MIN,2025-01-15.csv,5.0,3.0,EDM,True,0.4444444444444444,EDM,0.5972554161710836,2025-01
2025-01-15,EDM,105.0,2.05,0.49,0.5972554161710836,0.4027445838289166,0.35,2.85,185.0,MIN,2025-01-15.csv,5.0,3.0,EDM,True,1.05,EDM,0.5972554161710836,2025-01
2025-01-16,NJ,-130.0,1.77,0.56,0.5255989636100566,0.4744010363899432,0.48,2.1,110.0,TOR,2025-01-16.csv,,,,,,NJ,0.5255989636100566,2025-01
2025-01-16,WSH,-110.0,1.91,0.52,0.4432413773720433,0.5567586226279568,0.52,1.91,-110.0,OTT,2025-01-16.csv,,,,,,OTT,0.5567586226279568,2025-01
2025-01-16,ANA,275.0,3.75,0.27,0.383583533505908,0.6164164664940919,0.78,1.29,-350.0,TB,2025-01-16.csv,,,,,,TB,0.6164164664940919,2025-01
2025-01-16,DET,220.0,3.2,0.31,0.3981176740777081,0.6018823259222918,0.74,1.36,-275.0,FLA,2025-01-16.csv,,,,,,FLA,0.6018823259222918,2025-01
2025-01-16,SJ,145.0,2.45,0.41,0.3739768530854147,0.6260231469145853,0.64,1.57,-175.0,CBJ,2025-01-16.csv,,,,,,CBJ,0.6260231469145853,2025-01
2025-01-16,PHI,115.0,2.15,0.47,0.4599430062607215,0.5400569937392785,0.57,1.74,-135.0,NYI,2025-01-16.csv,,,,,,NYI,0.5400569937392785,2025-01
2025-01-16,CGY,115.0,2.15,0.47,0.4681534162493087,0.5318465837506913,0.57,1.74,-135.0,STL,2025-01-16.csv,,,,,,STL,0.5318465837506913,2025-01
2025-01-16,CHI,220.0,3.2,0.31,0.429953228150116,0.5700467718498838,0.74,1.36,-275.0,NSH,2025-01-16.csv,,,,,,NSH,0.5700467718498838,2025-01
2025-01-16,MTL,170.0,2.7,0.37,0.4309314554705418,0.5690685445294582,0.68,1.48,-210.0,DAL,2025-01-16.csv,,,,,,DAL,0.5690685445294582,2025-01
2025-01-16,SEA,185.0,2.85,0.35,0.4272111840372439,0.572788815962756,0.69,1.44,-225.0,WPG,2025-01-16.csv,,,,,,WPG,0.572788815962756,2025-01
2025-01-16,NYR,-105.0,1.95,0.51,0.4863735402233295,0.5136264597766703,0.53,1.87,-115.0,UHC,2025-01-16.csv,,,,,,UHC,0.5136264597766703,2025-01
2025-01-16,EDM,100.0,2.0,0.5,0.57678161360618,0.4232183863938201,0.55,1.83,-120.0,COL,2025-01-16.csv,,,,,,EDM,0.57678161360618,2025-01
2025-01-16,LA,-110.0,1.91,0.52,0.5384028211085871,0.461597178891413,0.52,1.91,-110.0,VAN,2025-01-16.csv,,,,,,LA,0.5384028211085871,2025-01
