Date,Away Team,Away Team Odds,Away Team Decimal Odds,Away Team Implied Probability,Away Probability,Home Probability,Home Team Implied Probability,Home Team Decimal Odds,Home Team Odds,Home Team,source_file,actual_away_score,actual_home_score,actual_winner,prediction_correct,bet_placed,bet_outcome,predicted_winner,prediction_confidence,month
2024-12-05,WPG,-140.0,1.71,0.5833333333333334,0.4711890439955992,0.5288109560044009,0.45454545454545453,2.2,120.0,BUF,2024-12-05.csv,3.0,2.0,WPG,False,home,-1.0,BUF,0.5288109560044009,2024-12
2024-12-05,NSH,-135.0,1.74,0.574468085106383,0.4436133567596649,0.556386643240335,0.46511627906976744,2.15,115.0,MTL,2024-12-05.csv,0.0,3.0,MTL,True,home,1.15,MTL,0.556386643240335,2024-12
2024-12-05,DET,150.0,2.5,0.4,0.3454477738047235,0.6545522261952768,0.6491228070175439,1.54,-185.0,OTT,2024-12-05.csv,1.0,2.0,OTT,True,home,0.5405405405405406,OTT,0.6545522261952768,2024-12
2024-12-05,SJ,220.0,3.2,0.3125,0.3951757431631407,0.6048242568368591,0.7333333333333333,1.36,-275.0,TB,2024-12-05.csv,1.0,8.0,TB,True,,0.0,TB,0.6048242568368591,2024-12
2024-12-05,FLA,-190.0,1.53,0.6551724137931034,0.4823558522545637,0.5176441477454362,0.38461538461538464,2.6,160.0,PHI,2024-12-05.csv,7.0,5.0,FLA,False,home,-1.0,PHI,0.5176441477454362,2024-12
2024-12-05,COL,125.0,2.25,0.4444444444444444,0.4534844711627654,0.5465155288372346,0.6,1.67,-150.0,CAR,2024-12-05.csv,3.0,5.0,CAR,True,,0.0,CAR,0.5465155288372346,2024-12
2024-12-05,SEA,115.0,2.15,0.46511627906976744,0.5743191840198324,0.4256808159801673,0.574468085106383,1.74,-135.0,NYI,2024-12-05.csv,5.0,2.0,SEA,True,away,1.15,SEA,0.5743191840198324,2024-12
2024-12-05,STL,105.0,2.05,0.4878048780487805,0.5203574432827817,0.4796425567172183,0.5555555555555556,1.8,-125.0,CGY,2024-12-05.csv,4.0,3.0,STL,True,away,1.05,STL,0.5203574432827817,2024-12
2024-12-05,CBJ,240.0,3.4,0.29411764705882354,0.4410641598155439,0.5589358401844559,0.75,1.33,-300.0,EDM,2024-12-05.csv,3.0,6.0,EDM,True,,0.0,EDM,0.5589358401844559,2024-12
2024-12-06,WSH,125.0,2.25,0.4444444444444444,0.5546671244941727,0.4453328755058273,0.5918367346938775,1.69,-145.0,TOR,2024-12-06.csv,3.0,1.0,WSH,True,away,1.25,WSH,0.5546671244941727,2024-12
2024-12-06,SEA,220.0,3.2,0.3125,0.4650570491840201,0.53494295081598,0.7333333333333333,1.36,-275.0,NJ,2024-12-06.csv,2.0,3.0,NJ,True,,0.0,NJ,0.53494295081598,2024-12
2024-12-06,PIT,165.0,2.65,0.37735849056603776,0.4126527968088182,0.5873472031911818,0.6666666666666666,1.5,-200.0,NYR,2024-12-06.csv,2.0,4.0,NYR,True,,0.0,NYR,0.5873472031911818,2024-12
2024-12-06,CBJ,185.0,2.85,0.3508771929824561,0.4566733284451897,0.5433266715548101,0.6923076923076923,1.44,-225.0,VAN,2024-12-06.csv,2.0,5.0,VAN,True,,0.0,VAN,0.5433266715548101,2024-12
2024-12-06,DAL,-125.0,1.8,0.5555555555555556,0.5085308104252283,0.4914691895747715,0.4878048780487805,2.05,105.0,VGK,2024-12-06.csv,2.0,3.0,VGK,False,,0.0,DAL,0.5085308104252283,2024-12
2024-12-06,MIN,-200.0,1.5,0.6666666666666666,0.5550269285172286,0.4449730714827715,0.37735849056603776,2.65,165.0,ANA,2024-12-06.csv,5.0,1.0,MIN,True,,0.0,MIN,0.5550269285172286,2024-12
2024-12-07,PHI,135.0,2.35,0.425531914893617,0.4869447825596175,0.5130552174403826,0.6153846153846154,1.62,-160.0,BOS,2024-12-07.csv,3.0,4.0,BOS,True,,0.0,BOS,0.5130552174403826,2024-12
2024-12-07,UHC,105.0,2.05,0.4878048780487805,0.5245468601457661,0.4754531398542339,0.5555555555555556,1.8,-125.0,BUF,2024-12-07.csv,5.0,2.0,UHC,True,away,1.05,UHC,0.5245468601457661,2024-12
2024-12-07,WPG,-190.0,1.53,0.6551724137931034,0.571447696746301,0.4285523032536988,0.39215686274509803,2.55,155.0,CHI,2024-12-07.csv,4.0,2.0,WPG,True,,0.0,WPG,0.571447696746301,2024-12
2024-12-07,CAR,-185.0,1.54,0.6491228070175439,0.6145319276571424,0.3854680723428577,0.4,2.5,150.0,NYI,2024-12-07.csv,3.0,4.0,NYI,False,,0.0,CAR,0.6145319276571424,2024-12
2024-12-07,SJ,310.0,4.1,0.24390243902439024,0.4189586204892092,0.5810413795107908,0.8,1.25,-400.0,FLA,2024-12-07.csv,1.0,3.0,FLA,True,,0.0,FLA,0.5810413795107908,2024-12
2024-12-07,WSH,-150.0,1.67,0.6,0.4327630838689465,0.5672369161310534,0.4444444444444444,2.25,125.0,MTL,2024-12-07.csv,4.0,2.0,WSH,False,home,-1.0,MTL,0.5672369161310534,2024-12
2024-12-07,NSH,-105.0,1.95,0.5121951219512195,0.4850097813000438,0.5149902186999562,0.5348837209302325,1.87,-115.0,OTT,2024-12-07.csv,1.0,3.0,OTT,True,,0.0,OTT,0.5149902186999562,2024-12
2024-12-07,COL,-190.0,1.53,0.6551724137931034,0.6026608395745169,0.397339160425483,0.39215686274509803,2.55,155.0,DET,2024-12-07.csv,2.0,1.0,COL,True,,0.0,COL,0.6026608395745169,2024-12
2024-12-07,TOR,-160.0,1.62,0.6153846153846154,0.4168114144994781,0.5831885855005219,0.425531914893617,2.35,135.0,PIT,2024-12-07.csv,2.0,5.0,PIT,True,home,1.35,PIT,0.5831885855005219,2024-12
2024-12-07,MIN,135.0,2.35,0.425531914893617,0.5,0.5,0.6153846153846154,1.62,-160.0,LA,2024-12-07.csv,1.0,4.0,LA,True,,0.0,LA,0.5,2024-12
2024-12-07,STL,225.0,3.25,0.3076923076923077,0.4369722180199697,0.5630277819800302,0.7333333333333333,1.36,-275.0,EDM,2024-12-07.csv,2.0,4.0,EDM,True,,0.0,EDM,0.5630277819800302,2024-12
2024-12-08,SEA,145.0,2.45,0.40816326530612246,0.5233499004650942,0.4766500995349058,0.6363636363636364,1.57,-175.0,NYR,2024-12-08.csv,7.0,5.0,SEA,True,away,1.45,SEA,0.5233499004650942,2024-12
2024-12-08,TB,-115.0,1.87,0.5348837209302325,0.5482570109778164,0.4517429890221836,0.5121951219512195,1.95,-105.0,VAN,2024-12-08.csv,4.0,2.0,TB,True,away,0.8695652173913043,TB,0.5482570109778164,2024-12
2024-12-08,NYI,120.0,2.2,0.45454545454545453,0.4685284625937904,0.5314715374062094,0.5833333333333334,1.71,-140.0,OTT,2024-12-08.csv,4.0,2.0,NYI,False,,0.0,OTT,0.5314715374062094,2024-12
2024-12-08,CBJ,140.0,2.4,0.4166666666666667,0.4729710190410859,0.527028980958914,0.6226415094339622,1.61,-165.0,WPG,2024-12-08.csv,4.0,1.0,CBJ,False,,0.0,WPG,0.527028980958914,2024-12
2024-12-08,COL,130.0,2.3,0.43478260869565216,0.4403740151357761,0.5596259848642238,0.6078431372549019,1.65,-155.0,NJ,2024-12-08.csv,4.0,0.0,COL,False,,0.0,NJ,0.5596259848642238,2024-12
2024-12-08,UHC,-110.0,1.91,0.5238095238095238,0.5157962795307157,0.4842037204692843,0.5238095238095238,1.91,-110.0,PHI,2024-12-08.csv,4.0,2.0,UHC,True,,0.0,UHC,0.5157962795307157,2024-12
2024-12-08,CGY,190.0,2.9,0.3448275862068966,0.5,0.5,0.6923076923076923,1.44,-225.0,DAL,2024-12-08.csv,2.0,6.0,DAL,True,,0.0,DAL,0.5,2024-12
2024-12-09,DET,105.0,2.05,0.4878048780487805,0.3865510866616851,0.613448913338315,0.5555555555555556,1.8,-125.0,BUF,2024-12-09.csv,6.0,5.0,DET,False,home,-1.0,BUF,0.613448913338315,2024-12
2024-12-09,CHI,200.0,3.0,0.3333333333333333,0.4343757862580357,0.5656242137419643,0.7142857142857143,1.4,-250.0,NYR,2024-12-09.csv,2.0,1.0,CHI,False,,0.0,NYR,0.5656242137419643,2024-12
2024-12-09,ANA,120.0,2.2,0.45454545454545453,0.3865298508459936,0.6134701491540064,0.5918367346938775,1.69,-145.0,MTL,2024-12-09.csv,2.0,3.0,MTL,True,home,0.6896551724137931,MTL,0.6134701491540064,2024-12
2024-12-10,TOR,115.0,2.15,0.46511627906976744,0.4294368738711336,0.5705631261288664,0.574468085106383,1.74,-135.0,NJ,2024-12-10.csv,2.0,1.0,TOR,False,,0.0,NJ,0.5705631261288664,2024-12
2024-12-10,COL,-175.0,1.57,0.6363636363636364,0.5100535574347024,0.4899464425652976,0.40816326530612246,2.45,145.0,PIT,2024-12-10.csv,6.0,2.0,COL,True,,0.0,COL,0.5100535574347024,2024-12
2024-12-10,SJ,375.0,4.75,0.21052631578947367,0.4358503187031461,0.5641496812968538,0.8333333333333334,1.2,-500.0,CAR,2024-12-10.csv,2.0,3.0,CAR,True,,0.0,CAR,0.5641496812968538,2024-12
2024-12-10,PHI,-120.0,1.83,0.5454545454545454,0.5,0.5,0.5,2.0,100.0,CBJ,2024-12-10.csv,5.0,3.0,PHI,False,,0.0,CBJ,0.5,2024-12
2024-12-10,LA,-125.0,1.8,0.5555555555555556,0.5633238455348655,0.4366761544651346,0.4878048780487805,2.05,105.0,NYI,2024-12-10.csv,3.0,1.0,LA,True,away,0.8,LA,0.5633238455348655,2024-12
2024-12-10,CGY,145.0,2.45,0.40816326530612246,0.5332391734661613,0.4667608265338385,0.6363636363636364,1.57,-175.0,NSH,2024-12-10.csv,4.0,3.0,CGY,True,away,1.45,CGY,0.5332391734661613,2024-12
2024-12-10,BOS,120.0,2.2,0.45454545454545453,0.5,0.5,0.5833333333333334,1.71,-140.0,WPG,2024-12-10.csv,1.0,8.0,WPG,True,,0.0,WPG,0.5,2024-12
2024-12-10,TB,130.0,2.3,0.43478260869565216,0.4881220120686276,0.5118779879313725,0.6078431372549019,1.65,-155.0,EDM,2024-12-10.csv,1.0,2.0,EDM,True,,0.0,EDM,0.5118779879313725,2024-12
2024-12-10,MIN,-105.0,1.95,0.5121951219512195,0.5,0.5,0.5348837209302325,1.87,-115.0,UHC,2024-12-10.csv,5.0,4.0,MIN,False,,0.0,UHC,0.5,2024-12
2024-12-10,STL,145.0,2.45,0.40816326530612246,0.5383283621250783,0.4616716378749216,0.6363636363636364,1.57,-175.0,VAN,2024-12-10.csv,4.0,3.0,STL,True,away,1.45,STL,0.5383283621250783,2024-12
2024-12-10,FLA,-190.0,1.53,0.6551724137931034,0.5344629207399983,0.4655370792600016,0.39215686274509803,2.55,155.0,SEA,2024-12-10.csv,2.0,1.0,FLA,True,,0.0,FLA,0.5344629207399983,2024-12
2024-12-11,NYR,-140.0,1.71,0.5833333333333334,0.5,0.5,0.45454545454545453,2.2,120.0,BUF,2024-12-11.csv,3.0,2.0,NYR,False,,0.0,BUF,0.5,2024-12
2024-12-11,ANA,200.0,3.0,0.3333333333333333,0.4460465355348874,0.5539534644651126,0.7142857142857143,1.4,-250.0,OTT,2024-12-11.csv,1.0,5.0,OTT,True,,0.0,OTT,0.5539534644651126,2024-12
2024-12-12,ANA,340.0,4.4,0.22727272727272727,0.4522056017198718,0.5477943982801282,0.8181818181818182,1.22,-450.0,TOR,2024-12-12.csv,2.0,3.0,TOR,True,,0.0,TOR,0.5477943982801282,2024-12
2024-12-12,PIT,-120.0,1.83,0.5454545454545454,0.4918524061510931,0.5081475938489068,0.5,2.0,100.0,MTL,2024-12-12.csv,9.0,2.0,PIT,False,home,-1.0,MTL,0.5081475938489068,2024-12
2024-12-12,LA,130.0,2.3,0.43478260869565216,0.5140477301953815,0.4859522698046185,0.6078431372549019,1.65,-155.0,NJ,2024-12-12.csv,1.0,3.0,NJ,False,away,-1.0,LA,0.5140477301953815,2024-12
2024-12-12,DET,100.0,2.0,0.5,0.4853362901231043,0.5146637098768956,0.5454545454545454,1.83,-120.0,PHI,2024-12-12.csv,1.0,4.0,PHI,True,,0.0,PHI,0.5146637098768956,2024-12
2024-12-12,WSH,-175.0,1.57,0.6363636363636364,0.4839776477934378,0.516022352206562,0.40816326530612246,2.45,145.0,CBJ,2024-12-12.csv,2.0,1.0,WSH,False,home,-1.0,CBJ,0.516022352206562,2024-12
2024-12-12,CHI,155.0,2.55,0.39215686274509803,0.4867093303020228,0.5132906696979772,0.6551724137931034,1.53,-190.0,NYI,2024-12-12.csv,4.0,5.0,NYI,True,,0.0,NYI,0.5132906696979772,2024-12
2024-12-12,SJ,145.0,2.45,0.40816326530612246,0.5,0.5,0.6363636363636364,1.57,-175.0,STL,2024-12-12.csv,4.0,3.0,SJ,False,,0.0,STL,0.5,2024-12
2024-12-12,NSH,180.0,2.8,0.35714285714285715,0.5256081441036426,0.4743918558963573,0.6923076923076923,1.44,-225.0,DAL,2024-12-12.csv,4.0,1.0,NSH,True,away,1.8,NSH,0.5256081441036426,2024-12
2024-12-12,VGK,100.0,2.0,0.5,0.5400911454251451,0.4599088545748548,0.5454545454545454,1.83,-120.0,WPG,2024-12-12.csv,3.0,2.0,VGK,True,away,1.0,VGK,0.5400911454251451,2024-12
2024-12-12,EDM,-140.0,1.71,0.5833333333333334,0.5457070315205175,0.4542929684794825,0.45454545454545453,2.2,120.0,MIN,2024-12-12.csv,7.0,1.0,EDM,True,,0.0,EDM,0.5457070315205175,2024-12
2024-12-12,UHC,150.0,2.5,0.4,0.533355935860057,0.4666440641399431,0.6491228070175439,1.54,-185.0,COL,2024-12-12.csv,4.0,1.0,UHC,True,away,1.5,UHC,0.533355935860057,2024-12
2024-12-12,TB,-155.0,1.65,0.6078431372549019,0.4732778746501598,0.5267221253498401,0.43478260869565216,2.3,130.0,CGY,2024-12-12.csv,8.0,3.0,TB,False,home,-1.0,CGY,0.5267221253498401,2024-12
2024-12-12,FLA,-185.0,1.54,0.6491228070175439,0.5641291039247784,0.4358708960752216,0.4,2.5,150.0,VAN,2024-12-12.csv,0.0,4.0,VAN,False,,0.0,FLA,0.5641291039247784,2024-12
2024-12-12,BOS,-115.0,1.87,0.5348837209302325,0.4921325785094455,0.5078674214905545,0.5121951219512195,1.95,-105.0,SEA,2024-12-12.csv,1.0,5.0,SEA,True,,0.0,SEA,0.5078674214905545,2024-12
2024-12-13,OTT,170.0,2.7,0.37037037037037035,0.5,0.5,0.6774193548387096,1.48,-210.0,CAR,2024-12-13.csv,3.0,0.0,OTT,False,,0.0,CAR,0.5,2024-12
2024-12-14,CHI,290.0,3.9,0.2564102564102564,0.4856807527902962,0.5143192472097039,0.7894736842105263,1.27,-375.0,NJ,2024-12-14.csv,1.0,4.0,NJ,True,,0.0,NJ,0.5143192472097039,2024-12
2024-12-14,LA,-110.0,1.91,0.5238095238095238,0.5,0.5,0.5238095238095238,1.91,-110.0,NYR,2024-12-14.csv,5.0,1.0,LA,False,,0.0,NYR,0.5,2024-12
2024-12-14,PHI,130.0,2.3,0.43478260869565216,0.5112480972775129,0.4887519027224874,0.6078431372549019,1.65,-155.0,MIN,2024-12-14.csv,1.0,4.0,MIN,False,away,-1.0,PHI,0.5112480972775129,2024-12
2024-12-14,VGK,125.0,2.25,0.4444444444444444,0.5146066720168211,0.4853933279831789,0.5918367346938775,1.69,-145.0,EDM,2024-12-14.csv,3.0,6.0,EDM,False,away,-1.0,VGK,0.5146066720168211,2024-12
2024-12-14,PIT,115.0,2.15,0.46511627906976744,0.5339475224175532,0.4660524775824467,0.574468085106383,1.74,-135.0,OTT,2024-12-14.csv,2.0,3.0,OTT,False,away,-1.0,PIT,0.5339475224175532,2024-12
2024-12-14,TOR,-185.0,1.54,0.6491228070175439,0.4927368885938842,0.5072631114061159,0.39215686274509803,2.55,155.0,DET,2024-12-14.csv,2.0,4.0,DET,True,home,1.55,DET,0.5072631114061159,2024-12
2024-12-14,BUF,155.0,2.55,0.39215686274509803,0.5493771609276908,0.450622839072309,0.6491228070175439,1.54,-185.0,WSH,2024-12-14.csv,2.0,4.0,WSH,False,away,-1.0,BUF,0.5493771609276908,2024-12
2024-12-14,ANA,150.0,2.5,0.4,0.4624981734223076,0.5375018265776922,0.6491228070175439,1.54,-185.0,CBJ,2024-12-14.csv,4.0,3.0,ANA,False,,0.0,CBJ,0.5375018265776922,2024-12
2024-12-14,MTL,220.0,3.2,0.3125,0.4642235937275024,0.5357764062724975,0.7333333333333333,1.36,-275.0,WPG,2024-12-14.csv,2.0,4.0,WPG,True,,0.0,WPG,0.5357764062724975,2024-12
2024-12-14,STL,200.0,3.0,0.3333333333333333,0.5184191987635987,0.4815808012364012,0.7142857142857143,1.4,-250.0,DAL,2024-12-14.csv,1.0,2.0,DAL,False,away,-1.0,STL,0.5184191987635987,2024-12
2024-12-14,NSH,145.0,2.45,0.40816326530612246,0.5163286898428134,0.4836713101571865,0.6363636363636364,1.57,-175.0,COL,2024-12-14.csv,2.0,5.0,COL,False,away,-1.0,NSH,0.5163286898428134,2024-12
2024-12-14,FLA,-200.0,1.5,0.6666666666666666,0.491288372312949,0.5087116276870511,0.37735849056603776,2.65,165.0,CGY,2024-12-14.csv,0.0,3.0,CGY,True,home,1.65,CGY,0.5087116276870511,2024-12
2024-12-14,BOS,115.0,2.15,0.46511627906976744,0.523780856546919,0.4762191434530811,0.574468085106383,1.74,-135.0,VAN,2024-12-14.csv,5.0,1.0,BOS,True,away,1.15,BOS,0.523780856546919,2024-12
2024-12-14,UHC,-190.0,1.53,0.6551724137931034,0.523122092426509,0.4768779075734909,0.39215686274509803,2.55,155.0,SJ,2024-12-14.csv,4.0,3.0,UHC,True,,0.0,UHC,0.523122092426509,2024-12
2024-12-14,TB,-130.0,1.77,0.5652173913043478,0.5395462659183817,0.4604537340816183,0.47619047619047616,2.1,110.0,SEA,2024-12-14.csv,5.0,1.0,TB,True,,0.0,TB,0.5395462659183817,2024-12
2024-12-16,WSH,130.0,2.3,0.43478260869565216,0.5,0.5,0.6078431372549019,1.65,-155.0,DAL,2024-12-16.csv,1.0,3.0,DAL,True,,0.0,DAL,0.5,2024-12
2024-12-16,FLA,105.0,2.05,0.4878048780487805,0.5,0.5,0.5555555555555556,1.8,-125.0,EDM,2024-12-16.csv,6.0,5.0,FLA,False,,0.0,EDM,0.5,2024-12
2024-12-16,COL,-150.0,1.67,0.6,0.549844716033603,0.4501552839663971,0.4444444444444444,2.25,125.0,VAN,2024-12-16.csv,1.0,3.0,VAN,False,,0.0,COL,0.549844716033603,2024-12
2024-12-17,BUF,-130.0,1.77,0.5652173913043478,0.5262089641746437,0.4737910358253562,0.47619047619047616,2.1,110.0,MTL,2024-12-17.csv,1.0,6.0,MTL,False,,0.0,BUF,0.5262089641746437,2024-12
2024-12-17,CBJ,200.0,3.0,0.3333333333333333,0.5089309144783467,0.4910690855216532,0.7142857142857143,1.4,-250.0,TB,2024-12-17.csv,3.0,5.0,TB,False,away,-1.0,CBJ,0.5089309144783467,2024-12
2024-12-17,LA,-145.0,1.69,0.5918367346938775,0.4638271741593311,0.5361728258406689,0.45454545454545453,2.2,120.0,PIT,2024-12-17.csv,2.0,3.0,PIT,True,home,1.2,PIT,0.5361728258406689,2024-12
2024-12-17,NYI,200.0,3.0,0.3333333333333333,0.5065396861695196,0.4934603138304804,0.7142857142857143,1.4,-250.0,CAR,2024-12-17.csv,0.0,4.0,CAR,False,away,-1.0,NYI,0.5065396861695196,2024-12
2024-12-17,NJ,-185.0,1.54,0.6491228070175439,0.4902547023540903,0.5097452976459095,0.4,2.5,150.0,STL,2024-12-17.csv,4.0,1.0,NJ,False,home,-1.0,STL,0.5097452976459095,2024-12
2024-12-17,NYR,125.0,2.25,0.4444444444444444,0.5585226220140701,0.4414773779859301,0.6,1.67,-150.0,NSH,2024-12-17.csv,0.0,2.0,NSH,False,away,-1.0,NYR,0.5585226220140701,2024-12
2024-12-17,WSH,-200.0,1.5,0.6666666666666666,0.5383804891726433,0.4616195108273568,0.37735849056603776,2.65,165.0,CHI,2024-12-17.csv,2.0,3.0,CHI,False,,0.0,WSH,0.5383804891726433,2024-12
2024-12-17,BOS,-135.0,1.74,0.574468085106383,0.4708850774685257,0.5291149225314743,0.46511627906976744,2.15,115.0,CGY,2024-12-17.csv,4.0,3.0,BOS,False,home,-1.0,CGY,0.5291149225314743,2024-12
2024-12-17,OTT,-130.0,1.77,0.5652173913043478,0.5271167350186813,0.4728832649813186,0.47619047619047616,2.1,110.0,SEA,2024-12-17.csv,3.0,0.0,OTT,True,,0.0,OTT,0.5271167350186813,2024-12
2024-12-17,WPG,-225.0,1.44,0.6923076923076923,0.492289240685273,0.5077107593147271,0.3508771929824561,2.85,185.0,SJ,2024-12-17.csv,4.0,3.0,WPG,False,home,-1.0,SJ,0.5077107593147271,2024-12
2024-12-18,PHI,-105.0,1.95,0.5121951219512195,0.5,0.5,0.5348837209302325,1.87,-115.0,DET,2024-12-18.csv,4.0,6.0,DET,True,,0.0,DET,0.5,2024-12
2024-12-18,TOR,115.0,2.15,0.46511627906976744,0.4862158999844614,0.5137841000155386,0.574468085106383,1.74,-135.0,DAL,2024-12-18.csv,5.0,3.0,TOR,False,,0.0,DAL,0.5137841000155386,2024-12
2024-12-18,FLA,-145.0,1.69,0.5918367346938775,0.4925622794802916,0.5074377205197084,0.45454545454545453,2.2,120.0,MIN,2024-12-18.csv,6.0,1.0,FLA,False,home,-1.0,MIN,0.5074377205197084,2024-12
2024-12-18,VAN,100.0,2.0,0.5,0.4658310681903717,0.5341689318096283,0.5454545454545454,1.83,-120.0,UHC,2024-12-18.csv,2.0,3.0,UHC,True,,0.0,UHC,0.5341689318096283,2024-12
2024-12-18,WPG,-165.0,1.61,0.6226415094339622,0.5121161930251434,0.4878838069748563,0.4166666666666667,2.4,140.0,ANA,2024-12-18.csv,2.0,3.0,ANA,False,,0.0,WPG,0.5121161930251434,2024-12
2024-12-19,STL,185.0,2.85,0.3508771929824561,0.508446502827786,0.4915534971722141,0.6923076923076923,1.44,-225.0,TB,2024-12-19.csv,1.0,3.0,TB,False,away,-1.0,STL,0.508446502827786,2024-12
2024-12-19,NJ,-225.0,1.44,0.6923076923076923,0.5,0.5,0.3508771929824561,2.85,185.0,CBJ,2024-12-19.csv,2.0,4.0,CBJ,True,,0.0,CBJ,0.5,2024-12
2024-12-19,LA,-160.0,1.62,0.6153846153846154,0.4778180952938846,0.5221819047061155,0.425531914893617,2.35,135.0,PHI,2024-12-19.csv,7.0,3.0,LA,False,home,-1.0,PHI,0.5221819047061155,2024-12
2024-12-19,PIT,135.0,2.35,0.425531914893617,0.5441477917952422,0.4558522082047578,0.6153846153846154,1.62,-160.0,NSH,2024-12-19.csv,5.0,4.0,PIT,True,away,1.35,PIT,0.5441477917952422,2024-12
2024-12-19,SEA,-145.0,1.69,0.5918367346938775,0.5341677616878361,0.4658322383121638,0.4444444444444444,2.25,125.0,CHI,2024-12-19.csv,1.0,3.0,CHI,False,,0.0,SEA,0.5341677616878361,2024-12
2024-12-19,OTT,-135.0,1.74,0.574468085106383,0.490256721001739,0.5097432789982611,0.46511627906976744,2.15,115.0,CGY,2024-12-19.csv,3.0,2.0,OTT,False,home,-1.0,CGY,0.5097432789982611,2024-12
2024-12-19,BOS,150.0,2.5,0.4,0.4755636304784634,0.5244363695215366,0.6491228070175439,1.54,-185.0,EDM,2024-12-19.csv,2.0,3.0,EDM,True,,0.0,EDM,0.5244363695215366,2024-12
2024-12-19,VAN,145.0,2.45,0.40816326530612246,0.4819453934389875,0.5180546065610124,0.6363636363636364,1.57,-175.0,VGK,2024-12-19.csv,1.0,3.0,VGK,True,,0.0,VGK,0.5180546065610124,2024-12
2024-12-19,COL,-275.0,1.36,0.7333333333333333,0.5,0.5,0.3125,3.2,220.0,SJ,2024-12-19.csv,4.0,2.0,COL,False,,0.0,SJ,0.5,2024-12
2024-12-27,CHI,135.0,2.35,0.425531914893617,0.471138974487194,0.528861025512806,0.6153846153846154,1.62,-160.0,BUF,2024-12-27.csv,2.0,6.0,BUF,True,,0.0,BUF,0.528861025512806,2024-12
2024-12-27,TOR,-135.0,1.74,0.574468085106383,0.4702221736714556,0.5297778263285444,0.46511627906976744,2.15,115.0,DET,2024-12-27.csv,5.0,2.0,TOR,False,home,-1.0,DET,0.5297778263285444,2024-12
2024-12-27,CAR,110.0,2.1,0.47619047619047616,0.4689671104047688,0.5310328895952311,0.5652173913043478,1.77,-130.0,NJ,2024-12-27.csv,2.0,4.0,NJ,True,,0.0,NJ,0.5310328895952311,2024-12
2024-12-27,BOS,-155.0,1.65,0.6078431372549019,0.4700753819288478,0.5299246180711521,0.43478260869565216,2.3,130.0,CBJ,2024-12-27.csv,2.0,6.0,CBJ,True,home,1.3,CBJ,0.5299246180711521,2024-12
2024-12-27,NSH,-135.0,1.74,0.574468085106383,0.4716337533930672,0.5283662466069328,0.46511627906976744,2.15,115.0,STL,2024-12-27.csv,4.0,7.0,STL,True,home,1.15,STL,0.5283662466069328,2024-12
2024-12-27,MIN,170.0,2.7,0.37037037037037035,0.4729913576836475,0.5270086423163525,0.6774193548387096,1.48,-210.0,DAL,2024-12-27.csv,3.0,2.0,MIN,False,,0.0,DAL,0.5270086423163525,2024-12
2024-12-27,COL,-140.0,1.71,0.5833333333333334,0.4684772390963563,0.5315227609036438,0.45454545454545453,2.2,120.0,UHC,2024-12-27.csv,4.0,1.0,COL,False,home,-1.0,UHC,0.5315227609036438,2024-12
2024-12-27,VGK,-275.0,1.36,0.7333333333333333,0.4732415800836628,0.5267584199163374,0.3125,3.2,220.0,SJ,2024-12-27.csv,6.0,3.0,VGK,False,home,-1.0,SJ,0.5267584199163374,2024-12
2024-12-30,NYR,175.0,2.75,0.36363636363636365,0.4674466508802414,0.5325533491197587,0.6774193548387096,1.48,-210.0,FLA,2024-12-30.csv,3.0,5.0,FLA,True,,0.0,FLA,0.5325533491197587,2024-12
2024-12-30,NSH,105.0,2.05,0.4878048780487805,0.4681543041553457,0.5318456958446544,0.5555555555555556,1.8,-125.0,WPG,2024-12-30.csv,0.0,3.0,WPG,True,,0.0,WPG,0.5318456958446544,2024-12
2024-12-30,UHC,-155.0,1.65,0.6078431372549019,0.466854969113871,0.533145030886129,0.43478260869565216,2.3,130.0,SEA,2024-12-30.csv,2.0,5.0,SEA,True,home,1.3,SEA,0.533145030886129,2024-12
2025-01-02,CAR,105.0,2.05,0.4878048780487805,0.4661393488682763,0.5338606511317237,0.5555555555555556,1.8,-125.0,FLA,2025-01-02.csv,3.0,1.0,CAR,False,,0.0,FLA,0.5338606511317237,2025-01
2025-01-02,BOS,-110.0,1.91,0.5238095238095238,0.4660454704711382,0.5339545295288617,0.5238095238095238,1.91,-110.0,NYR,2025-01-02.csv,1.0,2.0,NYR,True,home,0.9090909090909091,NYR,0.5339545295288617,2025-01
2025-01-02,MIN,140.0,2.4,0.4166666666666667,0.4662202311561249,0.5337797688438749,0.6226415094339622,1.61,-165.0,WSH,2025-01-02.csv,4.0,3.0,MIN,False,,0.0,WSH,0.5337797688438749,2025-01
2025-01-02,DET,-105.0,1.95,0.5121951219512195,0.4661047726711431,0.5338952273288567,0.5348837209302325,1.87,-115.0,CBJ,2025-01-02.csv,5.0,4.0,DET,False,,0.0,CBJ,0.5338952273288567,2025-01
2025-01-02,TOR,-110.0,1.91,0.5238095238095238,0.4660773897039166,0.5339226102960836,0.5238095238095238,1.91,-110.0,NYI,2025-01-02.csv,2.0,1.0,TOR,False,home,-1.0,NYI,0.5339226102960836,2025-01
2025-01-02,OTT,155.0,2.55,0.39215686274509803,0.4660364455423578,0.5339635544576422,0.6551724137931034,1.53,-190.0,DAL,2025-01-02.csv,2.0,4.0,DAL,True,,0.0,DAL,0.5339635544576422,2025-01
2025-01-02,ANA,225.0,3.25,0.3076923076923077,0.4663056867457592,0.5336943132542408,0.7333333333333333,1.36,-275.0,WPG,2025-01-02.csv,4.0,3.0,ANA,False,,0.0,WPG,0.5336943132542408,2025-01
2025-01-02,BUF,170.0,2.7,0.37037037037037035,0.4661311868570316,0.5338688131429686,0.6774193548387096,1.48,-210.0,COL,2025-01-02.csv,5.0,6.0,COL,True,,0.0,COL,0.5338688131429686,2025-01
2025-01-02,UHC,-125.0,1.8,0.5555555555555556,0.4660290455268123,0.5339709544731875,0.4878048780487805,2.05,105.0,CGY,2025-01-02.csv,5.0,3.0,UHC,False,home,-1.0,CGY,0.5339709544731875,2025-01
2025-01-02,PHI,155.0,2.55,0.39215686274509803,0.4660667550468353,0.5339332449531646,0.6551724137931034,1.53,-190.0,VGK,2025-01-02.csv,2.0,5.0,VGK,True,,0.0,VGK,0.5339332449531646,2025-01
2025-01-02,VAN,-105.0,1.95,0.5121951219512195,0.4660326973853363,0.5339673026146635,0.5348837209302325,1.87,-115.0,SEA,2025-01-02.csv,4.0,3.0,VAN,False,,0.0,SEA,0.5339673026146635,2025-01
2025-01-02,TB,-275.0,1.36,0.7333333333333333,0.4659995735784535,0.5340004264215462,0.3076923076923077,3.25,225.0,SJ,2025-01-02.csv,1.0,2.0,SJ,True,home,2.25,SJ,0.5340004264215462,2025-01
2025-01-03,PIT,155.0,2.55,0.39215686274509803,0.3625804364172136,0.6374195635827862,0.6551724137931034,1.53,-190.0,FLA,2025-01-03.csv,2.0,3.0,FLA,True,,0.0,FLA,0.6374195635827862,2025-01
2025-01-03,MTL,-145.0,1.69,0.5918367346938775,0.5,0.5,0.45454545454545453,2.2,120.0,CHI,2025-01-03.csv,2.0,4.0,CHI,True,,0.0,CHI,0.5,2025-01
2025-01-03,OTT,100.0,2.0,0.5,0.4680818006091742,0.5319181993908257,0.5454545454545454,1.83,-120.0,STL,2025-01-03.csv,0.0,4.0,STL,True,,0.0,STL,0.5319181993908257,2025-01
2025-01-03,ANA,375.0,4.75,0.21052631578947367,0.3292668807834509,0.6707331192165491,0.8333333333333334,1.2,-500.0,EDM,2025-01-03.csv,2.0,3.0,EDM,True,,0.0,EDM,0.6707331192165491,2025-01
2025-01-03,NSH,-190.0,1.53,0.6551724137931034,0.5604725354551932,0.4395274645448068,0.38461538461538464,2.6,160.0,VAN,2025-01-03.csv,3.0,0.0,NSH,True,,0.0,NSH,0.5604725354551932,2025-01
2025-01-06,WSH,-150.0,1.67,0.6,0.4799820812195114,0.5200179187804884,0.4444444444444444,2.25,125.0,BUF,2025-01-06.csv,3.0,4.0,BUF,True,home,1.25,BUF,0.5200179187804884,2025-01
2025-01-06,VAN,-130.0,1.77,0.5652173913043478,0.4179992617421507,0.5820007382578491,0.47619047619047616,2.1,110.0,MTL,2025-01-06.csv,4.0,5.0,MTL,True,home,1.1,MTL,0.5820007382578491,2025-01
2025-01-06,FLA,105.0,2.05,0.4878048780487805,0.6230537412788494,0.3769462587211507,0.5555555555555556,1.8,-125.0,COL,2025-01-06.csv,1.0,3.0,COL,False,away,-1.0,FLA,0.6230537412788494,2025-01
2025-01-06,NJ,-250.0,1.4,0.7142857142857143,0.5784399147020287,0.4215600852979713,0.3333333333333333,3.0,200.0,SEA,2025-01-06.csv,3.0,2.0,NJ,True,,0.0,NJ,0.5784399147020287,2025-01
2025-01-08,VAN,150.0,2.5,0.4,0.4732220001244521,0.526777999875548,0.6491228070175439,1.54,-185.0,WSH,2025-01-08.csv,1.0,2.0,WSH,True,,0.0,WSH,0.526777999875548,2025-01
2025-01-08,COL,-250.0,1.4,0.7142857142857143,0.6393917236850569,0.3606082763149431,0.3333333333333333,3.0,200.0,CHI,2025-01-08.csv,1.0,3.0,CHI,False,,0.0,COL,0.6393917236850569,2025-01
2025-01-08,FLA,-145.0,1.69,0.5918367346938775,0.5612858429641905,0.4387141570358095,0.4444444444444444,2.25,125.0,UHC,2025-01-08.csv,4.0,1.0,FLA,True,,0.0,FLA,0.5612858429641905,2025-01
2025-01-08,CGY,,,,0.4880274796967493,0.5119725203032507,,,,LA,2025-01-08.csv,,,,,,,LA,0.5119725203032507,2025-01
2025-01-09,BUF,135.0,2.35,0.425531914893617,0.410557128425649,0.5894428715743509,0.6153846153846154,1.62,-160.0,OTT,2025-01-09.csv,4.0,0.0,BUF,False,,0.0,OTT,0.5894428715743509,2025-01
2025-01-09,BOS,140.0,2.4,0.4166666666666667,0.422379023997136,0.5776209760028641,0.6226415094339622,1.61,-165.0,TB,2025-01-09.csv,1.0,4.0,TB,True,,0.0,TB,0.5776209760028641,2025-01
2025-01-09,NJ,-160.0,1.62,0.6153846153846154,0.6540199131486838,0.3459800868513162,0.425531914893617,2.35,135.0,NYR,2025-01-09.csv,2.0,3.0,NYR,False,away,-1.0,NJ,0.6540199131486838,2025-01
2025-01-09,DAL,-155.0,1.65,0.6078431372549019,0.4934180908559948,0.5065819091440052,0.43478260869565216,2.3,130.0,PHI,2025-01-09.csv,4.0,1.0,DAL,False,home,-1.0,PHI,0.5065819091440052,2025-01
2025-01-09,EDM,-225.0,1.44,0.6923076923076923,0.5453957230558716,0.4546042769441284,0.3508771929824561,2.85,185.0,PIT,2025-01-09.csv,3.0,5.0,PIT,False,,0.0,EDM,0.5453957230558716,2025-01
2025-01-09,SEA,-125.0,1.8,0.5555555555555556,0.4070328974864639,0.5929671025135362,0.4878048780487805,2.05,105.0,CBJ,2025-01-09.csv,2.0,6.0,CBJ,True,home,1.05,CBJ,0.5929671025135362,2025-01
2025-01-09,TOR,145.0,2.45,0.40816326530612246,0.3233970290105043,0.6766029709894956,0.6363636363636364,1.57,-175.0,CAR,2025-01-09.csv,3.0,6.0,CAR,True,home,0.5714285714285714,CAR,0.6766029709894956,2025-01
2025-01-09,ANA,170.0,2.7,0.37037037037037035,0.3726381274949822,0.6273618725050177,0.6774193548387096,1.48,-210.0,STL,2025-01-09.csv,2.0,6.0,STL,True,,0.0,STL,0.6273618725050177,2025-01
2025-01-09,COL,-150.0,1.67,0.6,0.6496624379069985,0.3503375620930014,0.4444444444444444,2.25,125.0,MIN,2025-01-09.csv,6.0,1.0,COL,True,away,0.6666666666666666,COL,0.6496624379069985,2025-01
2025-01-09,NYI,145.0,2.45,0.40816326530612246,0.4417235349939958,0.5582764650060043,0.6363636363636364,1.57,-175.0,VGK,2025-01-09.csv,4.0,0.0,NYI,False,,0.0,VGK,0.5582764650060043,2025-01
2025-01-10,CHI,150.0,2.5,0.4,0.3532744009445401,0.6467255990554598,0.6491228070175439,1.54,-185.0,DET,2025-01-10.csv,3.0,5.0,DET,True,,0.0,DET,0.6467255990554598,2025-01
2025-01-10,MTL,185.0,2.85,0.3508771929824561,0.572980011605235,0.427019988394765,0.6923076923076923,1.44,-225.0,WSH,2025-01-10.csv,3.0,2.0,MTL,True,away,1.85,MTL,0.572980011605235,2025-01
2025-01-10,VAN,145.0,2.45,0.40816326530612246,0.3781134126376229,0.6218865873623772,0.6363636363636364,1.57,-175.0,CAR,2025-01-10.csv,0.0,2.0,CAR,True,,0.0,CAR,0.6218865873623772,2025-01
2025-01-10,LA,-110.0,1.91,0.5238095238095238,0.4814206167358349,0.5185793832641651,0.5238095238095238,1.91,-110.0,WPG,2025-01-10.csv,2.0,1.0,LA,False,,0.0,WPG,0.5185793832641651,2025-01
2025-01-10,SJ,220.0,3.2,0.3125,0.418783876233406,0.5812161237665942,0.7333333333333333,1.36,-275.0,UHC,2025-01-10.csv,1.0,2.0,UHC,True,,0.0,UHC,0.5812161237665942,2025-01
2025-01-11,BOS,165.0,2.65,0.37735849056603776,0.3466101361747018,0.6533898638252984,0.6666666666666666,1.5,-200.0,FLA,2025-01-11.csv,4.0,3.0,BOS,False,,0.0,FLA,0.6533898638252984,2025-01
2025-01-11,SEA,115.0,2.15,0.46511627906976744,0.427423558212493,0.5725764417875072,0.574468085106383,1.74,-135.0,BUF,2025-01-11.csv,6.0,2.0,SEA,False,,0.0,BUF,0.5725764417875072,2025-01
2025-01-11,OTT,-115.0,1.87,0.5348837209302325,0.5538264576831652,0.4461735423168347,0.5121951219512195,1.95,-105.0,PIT,2025-01-11.csv,5.0,0.0,OTT,True,away,0.8695652173913043,OTT,0.5538264576831652,2025-01
2025-01-11,VAN,145.0,2.45,0.40816326530612246,0.4594592181547574,0.5405407818452427,0.6363636363636364,1.57,-175.0,TOR,2025-01-11.csv,3.0,0.0,VAN,False,,0.0,TOR,0.5405407818452427,2025-01
2025-01-11,DAL,-225.0,1.44,0.6923076923076923,0.5355771185275023,0.4644228814724975,0.3508771929824561,2.85,185.0,MTL,2025-01-11.csv,2.0,1.0,DAL,True,,0.0,DAL,0.5355771185275023,2025-01
2025-01-11,TB,115.0,2.15,0.46511627906976744,0.4033661884504126,0.5966338115495874,0.574468085106383,1.74,-135.0,NJ,2025-01-11.csv,2.0,3.0,NJ,True,home,0.7407407407407407,NJ,0.5966338115495874,2025-01
2025-01-11,ANA,165.0,2.65,0.37735849056603776,0.3231252554070524,0.6768747445929476,0.6666666666666666,1.5,-200.0,PHI,2025-01-11.csv,0.0,6.0,PHI,True,home,0.5,PHI,0.6768747445929476,2025-01
2025-01-11,EDM,-400.0,1.25,0.8,0.5297284671780345,0.4702715328219655,0.24390243902439024,4.1,310.0,CHI,2025-01-11.csv,4.0,3.0,EDM,True,,0.0,EDM,0.5297284671780345,2025-01
2025-01-11,CBJ,150.0,2.5,0.4,0.3684011686698407,0.631598831330159,0.6491228070175439,1.54,-185.0,STL,2025-01-11.csv,2.0,1.0,CBJ,False,,0.0,STL,0.631598831330159,2025-01
2025-01-11,COL,-120.0,1.83,0.5454545454545454,0.552967517327119,0.4470324826728808,0.5,2.0,100.0,WPG,2025-01-11.csv,0.0,3.0,WPG,False,away,-1.0,COL,0.552967517327119,2025-01
2025-01-11,WSH,125.0,2.25,0.4444444444444444,0.4232741148202775,0.5767258851797225,0.6,1.67,-150.0,NSH,2025-01-11.csv,4.0,1.0,WSH,False,,0.0,NSH,0.5767258851797225,2025-01
2025-01-11,NYI,-110.0,1.91,0.5238095238095238,0.5774882499736117,0.4225117500263883,0.5238095238095238,1.91,-110.0,UHC,2025-01-11.csv,2.0,1.0,NYI,True,away,0.9090909090909091,NYI,0.5774882499736117,2025-01
2025-01-11,LA,-115.0,1.87,0.5348837209302325,0.3978733992970414,0.6021266007029585,0.5121951219512195,1.95,-105.0,CGY,2025-01-11.csv,1.0,2.0,CGY,True,home,0.9523809523809523,CGY,0.6021266007029585,2025-01
2025-01-11,NYR,140.0,2.4,0.4166666666666667,0.3490419967383062,0.6509580032616937,0.6226415094339622,1.61,-165.0,VGK,2025-01-11.csv,2.0,1.0,NYR,False,home,-1.0,VGK,0.6509580032616937,2025-01
2025-01-11,MIN,-210.0,1.48,0.6774193548387096,0.469387415281666,0.530612584718334,0.37037037037037035,2.7,170.0,SJ,2025-01-11.csv,3.0,1.0,MIN,False,home,-1.0,SJ,0.530612584718334,2025-01
2025-01-12,SEA,135.0,2.35,0.425531914893617,0.4065479793280322,0.5934520206719679,0.6153846153846154,1.62,-160.0,DET,2025-01-12.csv,2.0,6.0,DET,True,,0.0,DET,0.5934520206719679,2025-01
2025-01-12,DAL,-140.0,1.71,0.5833333333333334,0.5458026378680485,0.4541973621319515,0.45454545454545453,2.2,120.0,OTT,2025-01-12.csv,2.0,3.0,OTT,False,,0.0,DAL,0.5458026378680485,2025-01
2025-01-12,TB,-150.0,1.67,0.6,0.5126569322036927,0.4873430677963071,0.4444444444444444,2.25,125.0,PIT,2025-01-12.csv,5.0,2.0,TB,True,,0.0,TB,0.5126569322036927,2025-01
2025-01-12,ANA,400.0,5.0,0.2,0.3437539908816061,0.6562460091183938,0.8461538461538461,1.18,-550.0,CAR,2025-01-12.csv,3.0,2.0,ANA,False,,0.0,CAR,0.6562460091183938,2025-01
2025-01-12,MIN,165.0,2.65,0.37735849056603776,0.338252597725139,0.6617474022748611,0.6666666666666666,1.5,-200.0,VGK,2025-01-12.csv,1.0,4.0,VGK,True,,0.0,VGK,0.6617474022748611,2025-01
2025-01-13,FLA,-190.0,1.53,0.6551724137931034,0.5744526096388735,0.4255473903611265,0.39215686274509803,2.55,155.0,PHI,2025-01-13.csv,3.0,4.0,PHI,False,,0.0,FLA,0.5744526096388735,2025-01
2025-01-13,CGY,-160.0,1.62,0.6153846153846154,0.61504620336126,0.3849537966387402,0.425531914893617,2.35,135.0,CHI,2025-01-13.csv,5.0,2.0,CGY,True,,0.0,CGY,0.61504620336126,2025-01
2025-01-13,LA,170.0,2.7,0.37037037037037035,0.3521166920851689,0.6478833079148313,0.6774193548387096,1.48,-210.0,EDM,2025-01-13.csv,0.0,1.0,EDM,True,,0.0,EDM,0.6478833079148313,2025-01
2025-01-14,TB,-140.0,1.71,0.5833333333333334,0.4599683937242112,0.540031606275789,0.45454545454545453,2.2,120.0,BOS,2025-01-14.csv,2.0,6.0,BOS,True,home,1.2,BOS,0.540031606275789,2025-01
2025-01-14,DAL,-130.0,1.77,0.5652173913043478,0.5,0.5,0.47619047619047616,2.1,110.0,TOR,2025-01-14.csv,4.0,1.0,DAL,False,,0.0,TOR,0.5,2025-01
2025-01-14,SJ,155.0,2.55,0.39215686274509803,0.4267759074725228,0.5732240925274771,0.6551724137931034,1.53,-190.0,DET,2025-01-14.csv,6.0,3.0,SJ,False,,0.0,DET,0.5732240925274771,2025-01
2025-01-14,SEA,110.0,2.1,0.47619047619047616,0.3944717130190547,0.6055282869809453,0.5652173913043478,1.77,-130.0,PIT,2025-01-14.csv,4.0,2.0,SEA,False,home,-1.0,PIT,0.6055282869809453,2025-01
2025-01-14,ANA,220.0,3.2,0.3125,0.333883794957353,0.6661162050426471,0.7333333333333333,1.36,-275.0,WSH,2025-01-14.csv,0.0,3.0,WSH,True,,0.0,WSH,0.6661162050426471,2025-01
2025-01-14,PHI,-120.0,1.83,0.5454545454545454,0.4708816781946509,0.5291183218053491,0.5,2.0,100.0,CBJ,2025-01-14.csv,2.0,3.0,CBJ,True,home,1.0,CBJ,0.5291183218053491,2025-01
2025-01-14,FLA,130.0,2.3,0.43478260869565216,0.5359034261960025,0.4640965738039974,0.6078431372549019,1.65,-155.0,NJ,2025-01-14.csv,2.0,1.0,FLA,True,away,1.3,FLA,0.5359034261960025,2025-01
2025-01-14,OTT,100.0,2.0,0.5,0.4325070779686323,0.5674929220313677,0.5454545454545454,1.83,-120.0,NYI,2025-01-14.csv,2.0,0.0,OTT,False,home,-1.0,NYI,0.5674929220313677,2025-01
2025-01-14,CGY,140.0,2.4,0.4166666666666667,0.4707375260708394,0.5292624739291606,0.6226415094339622,1.61,-165.0,STL,2025-01-14.csv,1.0,2.0,STL,True,,0.0,STL,0.5292624739291606,2025-01
2025-01-14,VGK,-125.0,1.8,0.5555555555555556,0.5308847340311759,0.4691152659688242,0.4878048780487805,2.05,105.0,NSH,2025-01-14.csv,3.0,5.0,NSH,False,,0.0,VGK,0.5308847340311759,2025-01
2025-01-14,VAN,135.0,2.35,0.425531914893617,0.4188440208789424,0.5811559791210575,0.6153846153846154,1.62,-160.0,WPG,2025-01-14.csv,1.0,6.0,WPG,True,,0.0,WPG,0.5811559791210575,2025-01
2025-01-14,NYR,125.0,2.25,0.4444444444444444,0.4276775446893061,0.5723224553106939,0.6,1.67,-150.0,COL,2025-01-14.csv,2.0,3.0,COL,True,,0.0,COL,0.5723224553106939,2025-01
2025-01-14,MTL,135.0,2.35,0.425531914893617,0.5447962428191137,0.4552037571808863,0.6153846153846154,1.62,-160.0,UHC,2025-01-14.csv,5.0,3.0,MTL,True,away,1.35,MTL,0.5447962428191137,2025-01
2025-01-15,CAR,-190.0,1.53,0.6551724137931034,0.5912786866835071,0.4087213133164928,0.39215686274509803,2.55,155.0,BUF,2025-01-15.csv,2.0,4.0,BUF,False,,0.0,CAR,0.5912786866835071,2025-01
2025-01-15,EDM,-225.0,1.44,0.6923076923076923,0.5972554161710836,0.4027445838289166,0.3508771929824561,2.85,185.0,MIN,2025-01-15.csv,5.0,3.0,EDM,True,,0.0,EDM,0.5972554161710836,2025-01
2025-01-16,NJ,-130.0,1.77,0.5652173913043478,0.5255989636100566,0.4744010363899432,0.47619047619047616,2.1,110.0,TOR,2025-01-16.csv,3.0,4.0,TOR,False,,0.0,NJ,0.5255989636100566,2025-01
2025-01-16,WSH,-110.0,1.91,0.5238095238095238,0.4432413773720433,0.5567586226279568,0.5238095238095238,1.91,-110.0,OTT,2025-01-16.csv,1.0,0.0,WSH,False,home,-1.0,OTT,0.5567586226279568,2025-01
2025-01-16,ANA,275.0,3.75,0.26666666666666666,0.383583533505908,0.6164164664940919,0.7777777777777778,1.29,-350.0,TB,2025-01-16.csv,3.0,4.0,TB,True,,0.0,TB,0.6164164664940919,2025-01
2025-01-16,DET,220.0,3.2,0.3125,0.3981176740777081,0.6018823259222918,0.7333333333333333,1.36,-275.0,FLA,2025-01-16.csv,5.0,2.0,DET,False,,0.0,FLA,0.6018823259222918,2025-01
2025-01-16,SJ,145.0,2.45,0.40816326530612246,0.3739768530854147,0.6260231469145853,0.6363636363636364,1.57,-175.0,CBJ,2025-01-16.csv,1.0,4.0,CBJ,True,,0.0,CBJ,0.6260231469145853,2025-01
2025-01-16,PHI,115.0,2.15,0.46511627906976744,0.4599430062607215,0.5400569937392785,0.574468085106383,1.74,-135.0,NYI,2025-01-16.csv,5.0,3.0,PHI,False,,0.0,NYI,0.5400569937392785,2025-01
2025-01-16,CGY,115.0,2.15,0.46511627906976744,0.4681534162493087,0.5318465837506913,0.574468085106383,1.74,-135.0,STL,2025-01-16.csv,1.0,4.0,STL,True,,0.0,STL,0.5318465837506913,2025-01
2025-01-16,CHI,220.0,3.2,0.3125,0.429953228150116,0.5700467718498838,0.7333333333333333,1.36,-275.0,NSH,2025-01-16.csv,2.0,3.0,NSH,True,,0.0,NSH,0.5700467718498838,2025-01
2025-01-16,MTL,170.0,2.7,0.37037037037037035,0.4309314554705418,0.5690685445294582,0.6774193548387096,1.48,-210.0,DAL,2025-01-16.csv,3.0,1.0,MTL,False,,0.0,DAL,0.5690685445294582,2025-01
2025-01-16,SEA,185.0,2.85,0.3508771929824561,0.4272111840372439,0.572788815962756,0.6923076923076923,1.44,-225.0,WPG,2025-01-16.csv,1.0,2.0,WPG,True,,0.0,WPG,0.572788815962756,2025-01
2025-01-16,NYR,-105.0,1.95,0.5121951219512195,0.4863735402233295,0.5136264597766703,0.5348837209302325,1.87,-115.0,UHC,2025-01-16.csv,5.0,3.0,NYR,False,,0.0,UHC,0.5136264597766703,2025-01
2025-01-16,EDM,100.0,2.0,0.5,0.57678161360618,0.4232183863938201,0.5454545454545454,1.83,-120.0,COL,2025-01-16.csv,4.0,3.0,EDM,True,away,1.0,EDM,0.57678161360618,2025-01
2025-01-16,LA,-110.0,1.91,0.5238095238095238,0.5384028211085871,0.461597178891413,0.5238095238095238,1.91,-110.0,VAN,2025-01-16.csv,5.0,1.0,LA,True,away,0.9090909090909091,LA,0.5384028211085871,2025-01
2025-01-17,PIT,100.0,2.0,0.5,0.5,0.5,0.5454545454545454,1.83,-120.0,BUF,2025-01-17.csv,5.0,2.0,PIT,False,,0.0,BUF,0.5,2025-01
2025-01-17,VGK,125.0,2.25,0.4444444444444444,0.459170233320508,0.5408297666794919,0.6,1.67,-150.0,CAR,2025-01-17.csv,2.0,3.0,CAR,True,,0.0,CAR,0.5408297666794919,2025-01
2025-01-19,OTT,155.0,2.55,0.39215686274509803,0.589991582197639,0.4100084178023609,0.6491228070175439,1.54,-185.0,NJ,2025-01-19.csv,2.0,1.0,OTT,True,away,1.55,OTT,0.589991582197639,2025-01
2025-01-19,NYR,-115.0,1.87,0.5348837209302325,0.370248224291457,0.6297517757085429,0.5121951219512195,1.95,-105.0,MTL,2025-01-19.csv,4.0,5.0,MTL,True,home,0.9523809523809523,MTL,0.6297517757085429,2025-01
2025-01-19,DET,185.0,2.85,0.3508771929824561,0.4757631930753571,0.524236806924643,0.6923076923076923,1.44,-225.0,DAL,2025-01-19.csv,1.0,4.0,DAL,True,,0.0,DAL,0.524236806924643,2025-01
2025-01-20,SJ,185.0,2.85,0.3508771929824561,0.3798859078626864,0.6201140921373135,0.6923076923076923,1.44,-225.0,BOS,2025-01-20.csv,3.0,6.0,BOS,True,,0.0,BOS,0.6201140921373135,2025-01
2025-01-20,MIN,185.0,2.85,0.3508771929824561,0.3154294707318679,0.6845705292681321,0.6923076923076923,1.44,-225.0,COL,2025-01-20.csv,3.0,1.0,MIN,False,,0.0,COL,0.6845705292681321,2025-01
2025-01-20,BUF,100.0,2.0,0.5,0.4811998850270836,0.5188001149729162,0.5454545454545454,1.83,-120.0,SEA,2025-01-20.csv,4.0,6.0,SEA,True,,0.0,SEA,0.5188001149729162,2025-01
2025-01-20,STL,170.0,2.7,0.37037037037037035,0.4635878632954043,0.5364121367045958,0.6774193548387096,1.48,-210.0,VGK,2025-01-20.csv,5.0,4.0,STL,False,,0.0,VGK,0.5364121367045958,2025-01
2025-01-20,TB,110.0,2.1,0.47619047619047616,0.5,0.5,0.5652173913043478,1.77,-130.0,TOR,2025-01-20.csv,3.0,5.0,TOR,True,,0.0,TOR,0.5,2025-01
2025-01-20,CBJ,150.0,2.5,0.4,0.4079028561041546,0.5920971438958456,0.6491228070175439,1.54,-185.0,NYI,2025-01-20.csv,1.0,3.0,NYI,True,,0.0,NYI,0.5920971438958456,2025-01
2025-01-20,CAR,-300.0,1.33,0.75,0.6109703692676395,0.3890296307323605,0.29411764705882354,3.4,240.0,CHI,2025-01-20.csv,4.0,3.0,CAR,True,,0.0,CAR,0.6109703692676395,2025-01
2025-01-20,WPG,-175.0,1.57,0.6363636363636364,0.5552812732522284,0.4447187267477714,0.40816326530612246,2.45,145.0,UHC,2025-01-20.csv,2.0,5.0,UHC,False,,0.0,WPG,0.5552812732522284,2025-01
2025-01-20,PIT,155.0,2.55,0.39215686274509803,0.5,0.5,0.6551724137931034,1.53,-190.0,LA,2025-01-20.csv,5.0,1.0,PIT,False,,0.0,LA,0.5,2025-01
2025-01-21,TB,-145.0,1.69,0.5918367346938775,0.4043169897190055,0.5956830102809945,0.4444444444444444,2.25,125.0,MTL,2025-01-21.csv,2.0,3.0,MTL,True,home,1.25,MTL,0.5956830102809945,2025-01
2025-01-21,OTT,110.0,2.1,0.47619047619047616,0.5135162423954898,0.4864837576045102,0.5652173913043478,1.77,-130.0,NYR,2025-01-21.csv,0.0,5.0,NYR,False,away,-1.0,OTT,0.5135162423954898,2025-01
2025-01-21,DET,120.0,2.2,0.45454545454545453,0.5144240720434267,0.4855759279565735,0.5833333333333334,1.71,-140.0,PHI,2025-01-21.csv,1.0,2.0,PHI,False,away,-1.0,DET,0.5144240720434267,2025-01
2025-01-21,SJ,310.0,4.1,0.24390243902439024,0.3877750572809001,0.6122249427190998,0.8,1.25,-400.0,NSH,2025-01-21.csv,5.0,7.0,NSH,True,,0.0,NSH,0.6122249427190998,2025-01
2025-01-21,CAR,100.0,2.0,0.5,0.5429886703780533,0.4570113296219467,0.5454545454545454,1.83,-120.0,DAL,2025-01-21.csv,2.0,1.0,CAR,True,away,1.0,CAR,0.5429886703780533,2025-01
2025-01-21,WSH,130.0,2.3,0.43478260869565216,0.3794815779519059,0.6205184220480942,0.6078431372549019,1.65,-155.0,EDM,2025-01-21.csv,3.0,2.0,WSH,False,home,-1.0,EDM,0.6205184220480942,2025-01
2025-01-21,BUF,150.0,2.5,0.4,0.4560031123367358,0.5439968876632643,0.6491228070175439,1.54,-185.0,VAN,2025-01-21.csv,3.0,2.0,BUF,False,,0.0,VAN,0.5439968876632643,2025-01
2025-01-21,FLA,-275.0,1.36,0.7333333333333333,0.6343405035147901,0.3656594964852099,0.3125,3.2,220.0,ANA,2025-01-21.csv,5.0,2.0,FLA,True,,0.0,FLA,0.6343405035147901,2025-01
2025-01-22,BOS,185.0,2.85,0.3508771929824561,0.3422142532806778,0.6577857467193222,0.6923076923076923,1.44,-225.0,NJ,2025-01-22.csv,1.0,5.0,NJ,True,,0.0,NJ,0.6577857467193222,2025-01
2025-01-22,CBJ,165.0,2.65,0.37735849056603776,0.4211238965104621,0.5788761034895378,0.6666666666666666,1.5,-200.0,TOR,2025-01-22.csv,5.0,1.0,CBJ,False,,0.0,TOR,0.5788761034895378,2025-01
2025-01-22,WPG,100.0,2.0,0.5,0.5734647686624181,0.426535231337582,0.5454545454545454,1.83,-120.0,COL,2025-01-22.csv,3.0,2.0,WPG,True,away,1.0,WPG,0.5734647686624181,2025-01
2025-01-22,FLA,100.0,2.0,0.5,0.5890495265769702,0.4109504734230297,0.5454545454545454,1.83,-120.0,LA,2025-01-22.csv,1.0,2.0,LA,False,away,-1.0,FLA,0.5890495265769702,2025-01
2025-01-23,OTT,-160.0,1.62,0.6153846153846154,0.5729384871864892,0.4270615128135107,0.425531914893617,2.35,135.0,BOS,2025-01-23.csv,0.0,2.0,BOS,False,,0.0,OTT,0.5729384871864892,2025-01
2025-01-23,MTL,105.0,2.05,0.4878048780487805,0.3888482091331798,0.61115179086682,0.5555555555555556,1.8,-125.0,DET,2025-01-23.csv,2.0,4.0,DET,True,home,0.8,DET,0.61115179086682,2025-01
2025-01-23,PHI,125.0,2.25,0.4444444444444444,0.4644358683624549,0.535564131637545,0.5918367346938775,1.69,-145.0,NYR,2025-01-23.csv,1.0,6.0,NYR,True,,0.0,NYR,0.535564131637545,2025-01
2025-01-23,CBJ,290.0,3.9,0.2564102564102564,0.359880085720898,0.6401199142791021,0.7894736842105263,1.27,-375.0,CAR,2025-01-23.csv,4.0,7.0,CAR,True,,0.0,CAR,0.6401199142791021,2025-01
2025-01-23,VGK,-150.0,1.67,0.6,0.5282695848860025,0.4717304151139974,0.4444444444444444,2.25,125.0,STL,2025-01-23.csv,4.0,2.0,VGK,True,,0.0,VGK,0.5282695848860025,2025-01
2025-01-23,UHC,125.0,2.25,0.4444444444444444,0.4725160984382289,0.527483901561771,0.6,1.67,-150.0,MIN,2025-01-23.csv,4.0,0.0,UHC,False,,0.0,MIN,0.527483901561771,2025-01
2025-01-23,BUF,115.0,2.15,0.46511627906976744,0.3984093990208708,0.6015906009791292,0.574468085106383,1.74,-135.0,CGY,2025-01-23.csv,2.0,5.0,CGY,True,home,0.7407407407407407,CGY,0.6015906009791292,2025-01
2025-01-23,VAN,155.0,2.55,0.39215686274509803,0.4155773856337085,0.5844226143662914,0.6491228070175439,1.54,-185.0,EDM,2025-01-23.csv,2.0,6.0,EDM,True,,0.0,EDM,0.5844226143662914,2025-01
2025-01-23,PIT,-150.0,1.67,0.6,0.6151792603310814,0.3848207396689186,0.4444444444444444,2.25,125.0,ANA,2025-01-23.csv,1.0,5.0,ANA,False,away,-1.0,PIT,0.6151792603310814,2025-01
2025-01-23,WSH,-140.0,1.71,0.5833333333333334,0.456899981312914,0.5431000186870859,0.45871559633027525,2.18,118.0,SEA,2025-01-23.csv,3.0,0.0,WSH,False,home,-1.0,SEA,0.5431000186870859,2025-01
2025-01-23,NSH,-250.0,1.4,0.7142857142857143,0.5067689428465925,0.4932310571534072,0.3333333333333333,3.0,200.0,SJ,2025-01-23.csv,6.0,5.0,NSH,True,,0.0,NSH,0.5067689428465925,2025-01
2025-01-24,PHI,130.0,2.3,0.43478260869565216,0.3909887701894013,0.6090112298105987,0.6078431372549019,1.65,-155.0,NYI,2025-01-24.csv,1.0,3.0,NYI,True,home,0.6451612903225806,NYI,0.6090112298105987,2025-01
2025-01-24,VGK,125.0,2.25,0.4444444444444444,0.5237556265594435,0.4762443734405565,0.5918367346938775,1.69,-145.0,DAL,2025-01-24.csv,3.0,4.0,DAL,False,away,-1.0,VGK,0.5237556265594435,2025-01
2025-01-24,TB,-235.0,1.43,0.7014925373134329,0.5555315109430464,0.4444684890569534,0.3448275862068966,2.9,190.0,CHI,2025-01-24.csv,4.0,3.0,TB,True,,0.0,TB,0.5555315109430464,2025-01
2025-01-24,UHC,190.0,2.9,0.3448275862068966,0.4328881609943967,0.5671118390056034,0.7014925373134329,1.43,-235.0,WPG,2025-01-24.csv,2.0,5.0,WPG,True,,0.0,WPG,0.5671118390056034,2025-01
2025-01-25,COL,-150.0,1.67,0.6,0.5550847838653539,0.4449152161346462,0.4444444444444444,2.25,125.0,BOS,2025-01-25.csv,1.0,3.0,BOS,False,,0.0,COL,0.5550847838653539,2025-01
2025-01-25,BUF,200.0,3.0,0.3333333333333333,0.4131635670909506,0.5868364329090492,0.7142857142857143,1.4,-250.0,EDM,2025-01-25.csv,2.0,3.0,EDM,True,,0.0,EDM,0.5868364329090492,2025-01
2025-01-25,PIT,-110.0,1.91,0.5238095238095238,0.5904252538538756,0.4095747461461243,0.5238095238095238,1.91,-110.0,SEA,2025-01-25.csv,1.0,4.0,SEA,False,away,-1.0,PIT,0.5904252538538756,2025-01
2025-01-25,NJ,-170.0,1.59,0.6296296296296297,0.527911110986951,0.4720888890130491,0.4166666666666667,2.4,140.0,MTL,2025-01-25.csv,4.0,3.0,NJ,True,,0.0,NJ,0.527911110986951,2025-01
2025-01-25,TOR,-105.0,1.95,0.5121951219512195,0.5,0.5,0.5348837209302325,1.87,-115.0,OTT,2025-01-25.csv,1.0,2.0,OTT,True,,0.0,OTT,0.5,2025-01
2025-01-25,TB,-135.0,1.74,0.574468085106383,0.4225701412864424,0.5774298587135577,0.46511627906976744,2.15,115.0,DET,2025-01-25.csv,0.0,2.0,DET,True,home,1.15,DET,0.5774298587135577,2025-01
2025-01-25,LA,-175.0,1.57,0.6363636363636364,0.5262064951266685,0.4737935048733313,0.40816326530612246,2.45,145.0,CBJ,2025-01-25.csv,2.0,3.0,CBJ,False,,0.0,LA,0.5262064951266685,2025-01
2025-01-25,DAL,-135.0,1.74,0.574468085106383,0.4387995707231739,0.5612004292768261,0.46511627906976744,2.15,115.0,STL,2025-01-25.csv,2.0,0.0,DAL,False,home,-1.0,STL,0.5612004292768261,2025-01
2025-01-25,CGY,125.0,2.25,0.4444444444444444,0.5724536553675467,0.4275463446324533,0.6,1.67,-150.0,MIN,2025-01-25.csv,5.0,4.0,CGY,True,away,1.25,CGY,0.5724536553675467,2025-01
2025-01-25,CAR,-220.0,1.45,0.6875,0.6059150120856396,0.3940849879143603,0.35714285714285715,2.8,180.0,NYI,2025-01-25.csv,2.0,3.0,NYI,False,,0.0,CAR,0.6059150120856396,2025-01
2025-01-25,WSH,-125.0,1.8,0.5555555555555556,0.5166822105016633,0.4833177894983367,0.4878048780487805,2.05,105.0,VAN,2025-01-25.csv,1.0,2.0,VAN,False,,0.0,WSH,0.5166822105016633,2025-01
2025-01-25,NSH,-190.0,1.53,0.6551724137931034,0.4906650140335967,0.5093349859664033,0.39215686274509803,2.55,155.0,ANA,2025-01-25.csv,2.0,5.0,ANA,True,home,1.55,ANA,0.5093349859664033,2025-01
2025-01-25,FLA,-300.0,1.33,0.75,0.5719248973492925,0.4280751026507074,0.29411764705882354,3.4,240.0,SJ,2025-01-25.csv,7.0,2.0,FLA,True,,0.0,FLA,0.5719248973492925,2025-01
2025-01-27,LA,-145.0,1.69,0.5918367346938775,0.4480377488829831,0.5519622511170168,0.4444444444444444,2.25,125.0,DET,2025-01-27.csv,2.0,5.0,DET,True,home,1.25,DET,0.5519622511170168,2025-01
2025-01-27,NJ,-150.0,1.67,0.6,0.5305638914889889,0.4694361085110111,0.4444444444444444,2.25,125.0,PHI,2025-01-27.csv,2.0,4.0,PHI,False,,0.0,NJ,0.5305638914889889,2025-01
2025-01-27,VAN,110.0,2.1,0.47619047619047616,0.4051961860803362,0.5948038139196639,0.5652173913043478,1.77,-130.0,STL,2025-01-27.csv,5.0,2.0,VAN,False,home,-1.0,STL,0.5948038139196639,2025-01
2025-01-27,SEA,240.0,3.4,0.29411764705882354,0.4124548600742975,0.5875451399257025,0.75,1.33,-300.0,EDM,2025-01-27.csv,2.0,4.0,EDM,True,,0.0,EDM,0.5875451399257025,2025-01
2025-01-27,PIT,-175.0,1.57,0.6363636363636364,0.5981448831309661,0.4018551168690338,0.40816326530612246,2.45,145.0,SJ,2025-01-27.csv,1.0,2.0,SJ,False,,0.0,PIT,0.5981448831309661,2025-01
2025-01-28,BOS,-110.0,1.91,0.5238095238095238,0.3419554977928248,0.6580445022071749,0.5238095238095238,1.91,-110.0,BUF,2025-01-28.csv,2.0,7.0,BUF,True,home,0.9090909090909091,BUF,0.6580445022071749,2025-01
2025-01-28,WPG,-170.0,1.59,0.6296296296296297,0.5799458538652709,0.4200541461347292,0.4166666666666667,2.4,140.0,MTL,2025-01-28.csv,4.0,1.0,WPG,True,,0.0,WPG,0.5799458538652709,2025-01
2025-01-28,CHI,325.0,4.25,0.23529411764705882,0.3698703335970902,0.6301296664029098,0.8095238095238095,1.24,-425.0,TB,2025-01-28.csv,4.0,1.0,CHI,False,,0.0,TB,0.6301296664029098,2025-01
2025-01-28,CAR,-135.0,1.74,0.574468085106383,0.5842245736557629,0.4157754263442371,0.46511627906976744,2.15,115.0,NYR,2025-01-28.csv,4.0,0.0,CAR,True,away,0.7407407407407407,CAR,0.5842245736557629,2025-01
2025-01-28,COL,-135.0,1.74,0.574468085106383,0.494304175455914,0.5056958245440859,0.46511627906976744,2.15,115.0,NYI,2025-01-28.csv,2.0,5.0,NYI,True,home,1.15,NYI,0.5056958245440859,2025-01
2025-01-28,WSH,-145.0,1.69,0.5918367346938775,0.4564149491818971,0.543585050818103,0.45454545454545453,2.2,120.0,CGY,2025-01-28.csv,3.0,1.0,WSH,False,home,-1.0,CGY,0.543585050818103,2025-01
2025-01-28,DAL,105.0,2.05,0.4878048780487805,0.4882445280531044,0.5117554719468955,0.5555555555555556,1.8,-125.0,VGK,2025-01-28.csv,4.0,3.0,DAL,False,,0.0,VGK,0.5117554719468955,2025-01
2025-01-28,ANA,110.0,2.1,0.47619047619047616,0.3570940414690437,0.6429059585309563,0.5652173913043478,1.77,-130.0,SEA,2025-01-28.csv,6.0,4.0,ANA,False,home,-1.0,SEA,0.6429059585309563,2025-01
2025-01-29,MIN,140.0,2.4,0.4166666666666667,0.334611017636113,0.6653889823638869,0.6226415094339622,1.61,-165.0,TOR,2025-01-29.csv,3.0,1.0,MIN,False,home,-1.0,TOR,0.6653889823638869,2025-01
2025-01-29,LA,130.0,2.3,0.43478260869565216,0.3864970118922943,0.6135029881077056,0.6078431372549019,1.65,-155.0,FLA,2025-01-29.csv,0.0,3.0,FLA,True,home,0.6451612903225806,FLA,0.6135029881077056,2025-01
2025-01-29,PHI,150.0,2.5,0.4,0.4820358700264199,0.51796412997358,0.6491228070175439,1.54,-185.0,NJ,2025-01-29.csv,0.0,5.0,NJ,True,,0.0,NJ,0.51796412997358,2025-01
2025-01-29,VAN,120.0,2.2,0.45454545454545453,0.4580443734311913,0.5419556265688088,0.5918367346938775,1.69,-145.0,NSH,2025-01-29.csv,3.0,1.0,VAN,False,,0.0,NSH,0.5419556265688088,2025-01
2025-01-29,PIT,120.0,2.2,0.45454545454545453,0.6348769855877983,0.3651230144122017,0.5918367346938775,1.69,-145.0,UHC,2025-01-29.csv,3.0,2.0,PIT,True,away,1.2,PIT,0.6348769855877983,2025-01
2025-01-30,WPG,-160.0,1.62,0.6153846153846154,0.5816080348128367,0.4183919651871634,0.425531914893617,2.35,135.0,BOS,2025-01-30.csv,6.0,2.0,WPG,True,,0.0,WPG,0.5816080348128367,2025-01
2025-01-30,MIN,120.0,2.2,0.45454545454545453,0.3997195175581923,0.6002804824418075,0.5918367346938775,1.69,-145.0,MTL,2025-01-30.csv,4.0,0.0,MIN,False,home,-1.0,MTL,0.6002804824418075,2025-01
2025-01-30,WSH,-110.0,1.91,0.5238095238095238,0.483859576804816,0.5161404231951838,0.5238095238095238,1.91,-110.0,OTT,2025-01-30.csv,4.0,5.0,OTT,True,,0.0,OTT,0.5161404231951838,2025-01
2025-01-30,LA,125.0,2.25,0.4444444444444444,0.5884330705195499,0.4115669294804501,0.6,1.67,-150.0,TB,2025-01-30.csv,0.0,3.0,TB,False,away,-1.0,LA,0.5884330705195499,2025-01
2025-01-30,CHI,350.0,4.5,0.2222222222222222,0.3952577812849637,0.6047422187150363,0.8181818181818182,1.22,-450.0,CAR,2025-01-30.csv,2.0,3.0,CAR,True,,0.0,CAR,0.6047422187150363,2025-01
2025-01-30,NYI,-140.0,1.71,0.5833333333333334,0.5168270867868752,0.4831729132131246,0.45454545454545453,2.2,120.0,PHI,2025-01-30.csv,3.0,0.0,NYI,True,,0.0,NYI,0.5168270867868752,2025-01
2025-01-30,ANA,155.0,2.55,0.39215686274509803,0.380336957016844,0.6196630429831559,0.6491228070175439,1.54,-185.0,CGY,2025-01-30.csv,1.0,4.0,CGY,True,,0.0,CGY,0.6196630429831559,2025-01
2025-01-30,DET,220.0,3.2,0.3125,0.4277061399244095,0.5722938600755905,0.7333333333333333,1.36,-275.0,EDM,2025-01-30.csv,3.0,2.0,DET,False,,0.0,EDM,0.5722938600755905,2025-01
2025-01-30,CBJ,240.0,3.4,0.29411764705882354,0.4251949857913223,0.5748050142086777,0.75,1.33,-300.0,VGK,2025-01-30.csv,2.0,1.0,CBJ,False,,0.0,VGK,0.5748050142086777,2025-01
2025-01-30,SJ,160.0,2.6,0.38461538461538464,0.3442080046627061,0.6557919953372939,0.6551724137931034,1.53,-190.0,SEA,2025-01-30.csv,2.0,6.0,SEA,True,home,0.5263157894736842,SEA,0.6557919953372939,2025-01
2025-01-31,NSH,-120.0,1.83,0.5454545454545454,0.4651229104391395,0.5348770895608603,0.5,2.0,100.0,BUF,2025-01-31.csv,3.0,4.0,BUF,True,home,1.0,BUF,0.5348770895608603,2025-01
2025-01-31,VAN,140.0,2.4,0.4166666666666667,0.4717358317737132,0.5282641682262867,0.6226415094339622,1.61,-165.0,DAL,2025-01-31.csv,3.0,5.0,DAL,True,,0.0,DAL,0.5282641682262867,2025-01
2025-01-31,STL,155.0,2.55,0.39215686274509803,0.4048562683937821,0.5951437316062179,0.6491228070175439,1.54,-185.0,COL,2025-01-31.csv,0.0,5.0,COL,True,,0.0,COL,0.5951437316062179,2025-01
2025-01-31,CBJ,185.0,2.85,0.3508771929824561,0.3537477739000428,0.6462522260999571,0.6923076923076923,1.44,-225.0,UHC,2025-01-31.csv,3.0,2.0,CBJ,False,,0.0,UHC,0.6462522260999571,2025-01
2025-02-03,OTT,115.0,2.15,0.46511627906976744,0.514184413019611,0.485815586980389,0.574468085106383,1.74,-135.0,NSH,2025-02-03.csv,5.0,2.0,OTT,True,away,1.15,OTT,0.514184413019611,2025-02
2025-02-04,MIN,110.0,2.1,0.47619047619047616,0.4577486479056918,0.5422513520943083,0.5652173913043478,1.77,-130.0,BOS,2025-02-04.csv,0.0,3.0,BOS,True,,0.0,BOS,0.5422513520943083,2025-02
2025-02-04,CBJ,145.0,2.45,0.40816326530612246,0.380739311121549,0.619260688878451,0.6363636363636364,1.57,-175.0,BUF,2025-02-04.csv,2.0,3.0,BUF,True,,0.0,BUF,0.619260688878451,2025-02
2025-02-04,OTT,145.0,2.45,0.40816326530612246,0.52305806993967,0.4769419300603301,0.6363636363636364,1.57,-175.0,TB,2025-02-04.csv,3.0,4.0,TB,False,away,-1.0,OTT,0.52305806993967,2025-02
2025-02-04,NJ,-140.0,1.71,0.5833333333333334,0.410595263576347,0.5894047364236527,0.45454545454545453,2.2,120.0,PIT,2025-02-04.csv,3.0,2.0,NJ,False,home,-1.0,PIT,0.5894047364236527,2025-02
2025-02-04,FLA,-120.0,1.83,0.5454545454545454,0.5475618598548059,0.4524381401451942,0.5,2.0,100.0,WSH,2025-02-04.csv,3.0,6.0,WSH,False,away,-1.0,FLA,0.5475618598548059,2025-02
2025-02-04,VGK,-145.0,1.69,0.5918367346938775,0.5179721764628111,0.4820278235371886,0.4444444444444444,2.25,125.0,NYI,2025-02-04.csv,1.0,2.0,NYI,False,,0.0,VGK,0.5179721764628111,2025-02
2025-02-04,EDM,-185.0,1.54,0.6491228070175439,0.5573616413212902,0.4426383586787096,0.4,2.5,150.0,STL,2025-02-04.csv,3.0,2.0,EDM,True,,0.0,EDM,0.5573616413212902,2025-02
2025-02-04,CAR,-140.0,1.71,0.5833333333333334,0.5280965459856052,0.4719034540143948,0.45454545454545453,2.2,120.0,WPG,2025-02-04.csv,0.0,3.0,WPG,False,,0.0,CAR,0.5280965459856052,2025-02
2025-02-04,TOR,-150.0,1.67,0.6,0.562729404886994,0.4372705951130059,0.4444444444444444,2.25,125.0,CGY,2025-02-04.csv,6.0,3.0,TOR,True,,0.0,TOR,0.562729404886994,2025-02
2025-02-04,PHI,120.0,2.2,0.45454545454545453,0.4726172684042898,0.5273827315957103,0.5833333333333334,1.71,-140.0,UHC,2025-02-04.csv,2.0,3.0,UHC,True,,0.0,UHC,0.5273827315957103,2025-02
2025-02-04,COL,-155.0,1.65,0.6078431372549019,0.5156692484353328,0.4843307515646672,0.43478260869565216,2.3,130.0,VAN,2025-02-04.csv,0.0,3.0,VAN,False,,0.0,COL,0.5156692484353328,2025-02
2025-02-04,DET,-105.0,1.95,0.5121951219512195,0.4828856151533057,0.5171143848466943,0.5348837209302325,1.87,-115.0,SEA,2025-02-04.csv,5.0,4.0,DET,False,,0.0,SEA,0.5171143848466943,2025-02
2025-02-04,DAL,-235.0,1.43,0.7014925373134329,0.4704914867822127,0.5295085132177872,0.3448275862068966,2.9,190.0,ANA,2025-02-04.csv,1.0,2.0,ANA,True,home,1.9,ANA,0.5295085132177872,2025-02
2025-02-04,MTL,-175.0,1.57,0.6363636363636364,0.4145339236317287,0.5854660763682713,0.40816326530612246,2.45,145.0,SJ,2025-02-04.csv,4.0,3.0,MTL,False,home,-1.0,SJ,0.5854660763682713,2025-02
2025-02-05,BOS,185.0,2.85,0.3508771929824561,0.3451119640196653,0.6548880359803347,0.6923076923076923,1.44,-225.0,NYR,2025-02-05.csv,2.0,3.0,NYR,True,,0.0,NYR,0.6548880359803347,2025-02
2025-02-05,EDM,-275.0,1.36,0.7333333333333333,0.564013408413525,0.4359865915864748,0.3076923076923077,3.25,225.0,CHI,2025-02-05.csv,4.0,3.0,EDM,True,,0.0,EDM,0.564013408413525,2025-02
2025-02-05,MTL,200.0,3.0,0.3333333333333333,0.3666263272265879,0.633373672773412,0.7142857142857143,1.4,-250.0,LA,2025-02-05.csv,3.0,6.0,LA,True,,0.0,LA,0.633373672773412,2025-02
2025-02-06,OTT,135.0,2.35,0.425531914893617,0.5137600661276042,0.4862399338723957,0.6153846153846154,1.62,-160.0,TB,2025-02-06.csv,1.0,5.0,TB,False,away,-1.0,OTT,0.5137600661276042,2025-02
2025-02-06,VGK,-115.0,1.87,0.5348837209302325,0.6435682341631511,0.3564317658368489,0.5121951219512195,1.95,-105.0,NJ,2025-02-06.csv,3.0,1.0,VGK,True,away,0.8695652173913043,VGK,0.6435682341631511,2025-02
2025-02-06,WSH,-165.0,1.61,0.6226415094339622,0.473509516835621,0.5264904831643791,0.4166666666666667,2.4,140.0,PHI,2025-02-06.csv,4.0,3.0,WSH,False,home,-1.0,PHI,0.5264904831643791,2025-02
2025-02-06,UHC,-160.0,1.62,0.6153846153846154,0.545851161094782,0.4541488389052178,0.425531914893617,2.35,135.0,CBJ,2025-02-06.csv,3.0,2.0,UHC,True,,0.0,UHC,0.545851161094782,2025-02
2025-02-06,CAR,-190.0,1.53,0.6551724137931034,0.5862902642304404,0.4137097357695595,0.3937007874015748,2.54,154.0,MIN,2025-02-06.csv,1.0,2.0,MIN,False,,0.0,CAR,0.5862902642304404,2025-02
2025-02-06,FLA,-165.0,1.61,0.6226415094339622,0.6144262716708431,0.3855737283291569,0.4166666666666667,2.4,140.0,STL,2025-02-06.csv,3.0,2.0,FLA,True,,0.0,FLA,0.6144262716708431,2025-02
2025-02-06,COL,-160.0,1.62,0.6153846153846154,0.576625255899675,0.4233747441003251,0.425531914893617,2.35,135.0,CGY,2025-02-06.csv,4.0,2.0,COL,True,,0.0,COL,0.576625255899675,2025-02
2025-02-06,TOR,-160.0,1.62,0.6153846153846154,0.574899331523959,0.425100668476041,0.425531914893617,2.35,135.0,SEA,2025-02-06.csv,3.0,1.0,TOR,True,,0.0,TOR,0.574899331523959,2025-02
2025-02-06,VAN,-200.0,1.5,0.6666666666666666,0.6011482765711896,0.3988517234288106,0.37735849056603776,2.65,165.0,SJ,2025-02-06.csv,2.0,1.0,VAN,True,,0.0,VAN,0.6011482765711896,2025-02
2025-02-07,PIT,180.0,2.8,0.35714285714285715,0.6136875324849862,0.3863124675150137,0.6875,1.45,-220.0,NYR,2025-02-07.csv,3.0,2.0,PIT,True,away,1.8,PIT,0.6136875324849862,2025-02
2025-02-07,NYI,155.0,2.55,0.39215686274509803,0.3762761083019057,0.6237238916980943,0.6551724137931034,1.53,-190.0,WPG,2025-02-07.csv,3.0,4.0,WPG,True,,0.0,WPG,0.6237238916980943,2025-02
2025-02-07,NSH,-200.0,1.5,0.6666666666666666,0.5,0.5,0.37735849056603776,2.65,165.0,CHI,2025-02-07.csv,2.0,6.0,CHI,True,,0.0,CHI,0.5,2025-02
2025-02-07,COL,150.0,2.5,0.4,0.4831914176023175,0.5168085823976826,0.6428571428571429,1.56,-180.0,EDM,2025-02-07.csv,5.0,4.0,COL,False,,0.0,EDM,0.5168085823976826,2025-02
2025-02-07,DAL,-110.0,1.91,0.5238095238095238,0.3665249761742943,0.6334750238257058,0.5238095238095238,1.91,-110.0,LA,2025-02-07.csv,4.0,5.0,LA,True,home,0.9090909090909091,LA,0.6334750238257058,2025-02
2025-02-24,SJ,350.0,4.5,0.2222222222222222,0.3605292874471701,0.6394707125528298,0.8260869565217391,1.21,-475.0,WPG,2025-02-24.csv,1.0,2.0,WPG,True,,0.0,WPG,0.6394707125528298,2025-02
2025-02-24,VGK,-115.0,1.87,0.5348837209302325,0.5143097488667581,0.4856902511332418,0.5121951219512195,1.95,-105.0,LA,2025-02-24.csv,2.0,5.0,LA,False,,0.0,VGK,0.5143097488667581,2025-02
2025-02-25,TOR,-155.0,1.65,0.6078431372549019,0.5986694015500506,0.4013305984499494,0.43478260869565216,2.3,130.0,BOS,2025-02-25.csv,5.0,4.0,TOR,True,,0.0,TOR,0.5986694015500506,2025-02
2025-02-25,ANA,160.0,2.6,0.38461538461538464,0.3727860317553838,0.6272139682446161,0.6551724137931034,1.53,-190.0,BUF,2025-02-25.csv,2.0,3.0,BUF,True,,0.0,BUF,0.6272139682446161,2025-02
2025-02-25,CAR,-220.0,1.45,0.6875,0.5541212270678885,0.4458787729321117,0.35714285714285715,2.8,180.0,MTL,2025-02-25.csv,0.0,4.0,MTL,False,,0.0,CAR,0.5541212270678885,2025-02
2025-02-25,PIT,115.0,2.15,0.46511627906976744,0.6044477357191631,0.395552264280837,0.574468085106383,1.74,-135.0,PHI,2025-02-25.csv,1.0,6.0,PHI,False,away,-1.0,PIT,0.6044477357191631,2025-02
2025-02-25,CGY,165.0,2.65,0.37735849056603776,0.4051987841352455,0.5948012158647544,0.6666666666666666,1.5,-200.0,WSH,2025-02-25.csv,3.0,1.0,CGY,False,,0.0,WSH,0.5948012158647544,2025-02
2025-02-25,DAL,-180.0,1.56,0.6428571428571429,0.5,0.5,0.4,2.5,150.0,CBJ,2025-02-25.csv,4.0,6.0,CBJ,True,,0.0,CBJ,0.5,2025-02
2025-02-25,EDM,-110.0,1.91,0.5238095238095238,0.442253827612011,0.557746172387989,0.5238095238095238,1.91,-110.0,TB,2025-02-25.csv,1.0,4.0,TB,True,home,0.9090909090909091,TB,0.557746172387989,2025-02
2025-02-25,NYR,-120.0,1.83,0.5454545454545454,0.3568582212754743,0.6431417787245256,0.5,2.0,100.0,NYI,2025-02-25.csv,5.0,1.0,NYR,False,home,-1.0,NYI,0.6431417787245256,2025-02
2025-02-25,SEA,120.0,2.2,0.45454545454545453,0.3847530625556967,0.6152469374443034,0.5833333333333334,1.71,-140.0,STL,2025-02-25.csv,2.0,7.0,STL,True,home,0.7142857142857143,STL,0.6152469374443034,2025-02
2025-02-25,FLA,-160.0,1.62,0.6153846153846154,0.5971655396474985,0.4028344603525015,0.425531914893617,2.35,135.0,NSH,2025-02-25.csv,4.0,1.0,FLA,True,,0.0,FLA,0.5971655396474985,2025-02
2025-02-25,DET,100.0,2.0,0.5,0.485809544776815,0.5141904552231851,0.5454545454545454,1.83,-120.0,MIN,2025-02-25.csv,3.0,2.0,DET,False,,0.0,MIN,0.5141904552231851,2025-02
2025-02-25,CHI,220.0,3.2,0.3125,0.3577589603257819,0.6422410396742181,0.7333333333333333,1.36,-275.0,UHC,2025-02-25.csv,1.0,2.0,UHC,True,,0.0,UHC,0.6422410396742181,2025-02
2025-02-27,NYI,-120.0,1.83,0.5454545454545454,0.3780863027421212,0.6219136972578787,0.5,2.0,100.0,BOS,2025-02-27.csv,,,,,home,,BOS,0.6219136972578787,2025-02
2025-02-27,SJ,180.0,2.8,0.35714285714285715,0.3313987318544369,0.6686012681455631,0.6875,1.45,-220.0,MTL,2025-02-27.csv,,,,,,,MTL,0.6686012681455631,2025-02
2025-02-27,CBJ,130.0,2.3,0.43478260869565216,0.3513984450047791,0.648601554995221,0.6078431372549019,1.65,-155.0,DET,2025-02-27.csv,,,,,home,,DET,0.648601554995221,2025-02
2025-02-27,CGY,180.0,2.8,0.35714285714285715,0.4468609626745951,0.5531390373254049,0.6875,1.45,-220.0,TB,2025-02-27.csv,,,,,,,TB,0.5531390373254049,2025-02
2025-02-27,EDM,120.0,2.2,0.45454545454545453,0.4132723608410112,0.5867276391589888,0.5833333333333334,1.71,-140.0,FLA,2025-02-27.csv,,,,,home,,FLA,0.5867276391589888,2025-02
2025-02-27,STL,135.0,2.35,0.425531914893617,0.3888628268002267,0.6111371731997731,0.6153846153846154,1.62,-160.0,WSH,2025-02-27.csv,,,,,,,WSH,0.6111371731997731,2025-02
2025-02-27,BUF,185.0,2.85,0.3508771929824561,0.4207315891138062,0.5792684108861937,0.6923076923076923,1.44,-225.0,CAR,2025-02-27.csv,,,,,,,CAR,0.5792684108861937,2025-02
2025-02-27,PHI,-110.0,1.91,0.5238095238095238,0.47234493275246,0.5276550672475399,0.5238095238095238,1.91,-110.0,PIT,2025-02-27.csv,,,,,home,,PIT,0.5276550672475399,2025-02
2025-02-27,WPG,-135.0,1.74,0.574468085106383,0.5634192704601944,0.4365807295398056,0.46511627906976744,2.15,115.0,NSH,2025-02-27.csv,,,,,,,WPG,0.5634192704601944,2025-02
2025-02-27,MIN,155.0,2.55,0.39215686274509803,0.4432306209607627,0.5567693790392374,0.6491228070175439,1.54,-185.0,UHC,2025-02-27.csv,,,,,,,UHC,0.5567693790392374,2025-02
2025-02-27,CHI,310.0,4.1,0.24390243902439024,0.3862927489048172,0.6137072510951828,0.8,1.25,-400.0,VGK,2025-02-27.csv,,,,,,,VGK,0.6137072510951828,2025-02
2025-02-27,VAN,-125.0,1.8,0.5555555555555556,0.5066646822105475,0.4933353177894524,0.4878048780487805,2.05,105.0,ANA,2025-02-27.csv,,,,,,,VAN,0.5066646822105475,2025-02
