Date,Away Team,Home Team,Away Team Odds,Home Team Odds,Away Probability,Home Probability,Predicted_Winner,Winner,Score1,Score2,Prediction_Correct,Prediction_Confidence,Bet_Placed,Bet_Team,Bet_Odds,Bet_Prob,Edge,Bet_Won,Bet_Return,Cumulative_Return,Running_Accuracy,Running_Win_Rate
2024-12-05,WPG,BUF,-140.0,120.0,0.4711890439955992,0.5288109560044009,BUF,WPG,3.0,2.0,False,0.5288109560044009,True,BUF,120.0,0.5288109560044009,0.07426550145894634,False,-100.0,-100.0,0.0,0.0
2024-12-05,NSH,MTL,-135.0,115.0,0.4436133567596649,0.556386643240335,MTL,MTL,0.0,3.0,True,0.556386643240335,True,MTL,115.0,0.556386643240335,0.09127036417056761,True,114.99999999999999,14.999999999999986,0.5,0.5
2024-12-05,DET,OTT,150.0,-185.0,0.3454477738047235,0.6545522261952768,OTT,OTT,1.0,2.0,True,0.6545522261952768,True,OTT,-185.0,0.6545522261952768,0.005429419177732875,True,54.054054054054056,69.05405405405403,0.6666666666666666,0.6666666666666666
2024-12-05,SJ,TB,220.0,-275.0,0.3951757431631407,0.6048242568368591,TB,TB,1.0,8.0,True,0.6048242568368591,False,,,,,,0.0,69.05405405405403,0.75,
2024-12-05,FLA,PHI,-190.0,160.0,0.4823558522545637,0.5176441477454362,PHI,FLA,7.0,5.0,False,0.5176441477454362,True,PHI,160.0,0.5176441477454362,0.13302876313005157,False,-100.0,-30.945945945945965,0.6,0.5
2024-12-05,COL,CAR,125.0,-150.0,0.4534844711627654,0.5465155288372346,CAR,CAR,3.0,5.0,True,0.5465155288372346,False,,,,,,0.0,-30.945945945945965,0.6666666666666666,
2024-12-05,SEA,NYI,115.0,-135.0,0.5743191840198324,0.4256808159801673,SEA,SEA,5.0,2.0,True,0.5743191840198324,True,SEA,115.0,0.5743191840198324,0.10920290495006496,True,114.99999999999999,84.05405405405402,0.7142857142857143,0.6
2024-12-05,STL,CGY,105.0,-125.0,0.5203574432827817,0.4796425567172183,STL,STL,4.0,3.0,True,0.5203574432827817,True,STL,105.0,0.5203574432827817,0.032552565234001185,True,105.0,189.054054054054,0.75,0.6666666666666666
2024-12-05,CBJ,EDM,240.0,-300.0,0.4410641598155439,0.5589358401844559,EDM,EDM,3.0,6.0,True,0.5589358401844559,False,,,,,,0.0,189.054054054054,0.7777777777777778,
2024-12-06,DAL,VGK,-125.0,105.0,0.5085308104252283,0.4914691895747715,DAL,VGK,2.0,3.0,False,0.5085308104252283,False,,,,,,0.0,189.054054054054,0.7,
2024-12-06,CBJ,VAN,185.0,-225.0,0.4566733284451897,0.5433266715548101,VAN,VAN,2.0,5.0,True,0.5433266715548101,False,,,,,,0.0,189.054054054054,0.7272727272727273,
2024-12-06,MIN,ANA,-200.0,165.0,0.5550269285172286,0.4449730714827715,MIN,MIN,5.0,1.0,True,0.5550269285172286,False,,,,,,0.0,189.054054054054,0.75,
2024-12-06,SEA,NJ,220.0,-275.0,0.4650570491840201,0.53494295081598,NJ,NJ,2.0,3.0,True,0.53494295081598,False,,,,,,0.0,189.054054054054,0.7692307692307693,
2024-12-06,WSH,TOR,125.0,-145.0,0.5546671244941727,0.4453328755058273,WSH,WSH,3.0,1.0,True,0.5546671244941727,True,WSH,125.0,0.5546671244941727,0.11022268004972824,True,125.0,314.054054054054,0.7857142857142857,0.7142857142857143
2024-12-06,PIT,NYR,165.0,-200.0,0.4126527968088182,0.5873472031911818,NYR,NYR,2.0,4.0,True,0.5873472031911818,False,,,,,,0.0,314.054054054054,0.8,
2024-12-07,STL,EDM,225.0,-275.0,0.4369722180199697,0.5630277819800302,EDM,EDM,2.0,4.0,True,0.5630277819800302,False,,,,,,0.0,314.054054054054,0.8125,
2024-12-07,MIN,LA,135.0,-160.0,0.5,0.5,LA,LA,1.0,4.0,True,0.5,False,,,,,,0.0,314.054054054054,0.8235294117647058,
2024-12-07,TOR,PIT,-160.0,135.0,0.4168114144994781,0.5831885855005219,PIT,PIT,2.0,5.0,True,0.5831885855005219,True,PIT,135.0,0.5831885855005219,0.15765667060690486,True,135.0,449.054054054054,0.8333333333333334,0.75
2024-12-07,COL,DET,-190.0,155.0,0.6026608395745169,0.397339160425483,COL,COL,2.0,1.0,True,0.6026608395745169,False,,,,,,0.0,449.054054054054,0.8421052631578947,
2024-12-07,NSH,OTT,-105.0,-115.0,0.4850097813000438,0.5149902186999562,OTT,OTT,1.0,3.0,True,0.5149902186999562,False,,,,,,0.0,449.054054054054,0.85,
2024-12-07,WSH,MTL,-150.0,125.0,0.4327630838689465,0.5672369161310534,MTL,WSH,4.0,2.0,False,0.5672369161310534,True,MTL,125.0,0.5672369161310534,0.122792471686609,False,-100.0,349.054054054054,0.8095238095238095,0.6666666666666666
2024-12-07,CAR,NYI,-185.0,150.0,0.6145319276571424,0.3854680723428577,CAR,NYI,3.0,4.0,False,0.6145319276571424,False,,,,,,0.0,349.054054054054,0.7727272727272727,
2024-12-07,WPG,CHI,-190.0,155.0,0.571447696746301,0.4285523032536988,WPG,WPG,4.0,2.0,True,0.571447696746301,False,,,,,,0.0,349.054054054054,0.782608695652174,
2024-12-07,UHC,BUF,105.0,-125.0,0.5245468601457661,0.4754531398542339,UHC,UHC,5.0,2.0,True,0.5245468601457661,True,UHC,105.0,0.5245468601457661,0.03674198209698565,True,105.0,454.054054054054,0.7916666666666666,0.7
2024-12-07,PHI,BOS,135.0,-160.0,0.4869447825596175,0.5130552174403826,BOS,BOS,3.0,4.0,True,0.5130552174403826,False,,,,,,0.0,454.054054054054,0.8,
2024-12-07,SJ,FLA,310.0,-400.0,0.4189586204892092,0.5810413795107908,FLA,FLA,1.0,3.0,True,0.5810413795107908,False,,,,,,0.0,454.054054054054,0.8076923076923077,
2024-12-08,UHC,PHI,-110.0,-110.0,0.5157962795307157,0.4842037204692843,UHC,UHC,4.0,2.0,True,0.5157962795307157,False,,,,,,0.0,454.054054054054,0.8148148148148148,
2024-12-08,CGY,DAL,190.0,-225.0,0.5,0.5,DAL,DAL,2.0,6.0,True,0.5,False,,,,,,0.0,454.054054054054,0.8214285714285714,
2024-12-08,COL,NJ,130.0,-155.0,0.4403740151357761,0.5596259848642238,NJ,COL,4.0,0.0,False,0.5596259848642238,False,,,,,,0.0,454.054054054054,0.7931034482758621,
2024-12-08,TB,VAN,-115.0,-105.0,0.5482570109778164,0.4517429890221836,TB,TB,4.0,2.0,True,0.5482570109778164,True,TB,-115.0,0.5482570109778164,0.013373290047583919,True,86.95652173913044,541.0105757931844,0.8,0.7272727272727273
2024-12-08,NYI,OTT,120.0,-140.0,0.4685284625937904,0.5314715374062094,OTT,NYI,4.0,2.0,False,0.5314715374062094,False,,,,,,0.0,541.0105757931844,0.7741935483870968,
2024-12-08,SEA,NYR,145.0,-175.0,0.5233499004650942,0.4766500995349058,SEA,SEA,7.0,5.0,True,0.5233499004650942,True,SEA,145.0,0.5233499004650942,0.11518663515897176,True,145.0,686.0105757931844,0.78125,0.75
2024-12-08,CBJ,WPG,140.0,-165.0,0.4729710190410859,0.527028980958914,WPG,CBJ,4.0,1.0,False,0.527028980958914,False,,,,,,0.0,686.0105757931844,0.7575757575757576,
2024-12-09,DET,BUF,105.0,-125.0,0.3865510866616851,0.613448913338315,BUF,DET,6.0,5.0,False,0.613448913338315,True,BUF,-125.0,0.613448913338315,0.05789335778275939,False,-100.0,586.0105757931844,0.7352941176470589,0.6923076923076923
2024-12-09,CHI,NYR,200.0,-250.0,0.4343757862580357,0.5656242137419643,NYR,CHI,2.0,1.0,False,0.5656242137419643,False,,,,,,0.0,586.0105757931844,0.7142857142857143,
2024-12-09,ANA,MTL,120.0,-145.0,0.3865298508459936,0.6134701491540064,MTL,MTL,2.0,3.0,True,0.6134701491540064,True,MTL,-145.0,0.6134701491540064,0.021633414460128897,True,68.96551724137932,654.9760930345637,0.7222222222222222,0.7142857142857143
2024-12-10,FLA,SEA,-190.0,155.0,0.5344629207399983,0.4655370792600016,FLA,FLA,2.0,1.0,True,0.5344629207399983,False,,,,,,0.0,654.9760930345637,0.7297297297297297,
2024-12-10,STL,VAN,145.0,-175.0,0.5383283621250783,0.4616716378749216,STL,STL,4.0,3.0,True,0.5383283621250783,True,STL,145.0,0.5383283621250783,0.13016509681895583,True,145.0,799.9760930345637,0.7368421052631579,0.7333333333333333
2024-12-10,MIN,UHC,-105.0,-115.0,0.5,0.5,UHC,MIN,5.0,4.0,False,0.5,False,,,,,,0.0,799.9760930345637,0.717948717948718,
2024-12-10,TB,EDM,130.0,-155.0,0.4881220120686276,0.5118779879313725,EDM,EDM,1.0,2.0,True,0.5118779879313725,False,,,,,,0.0,799.9760930345637,0.725,
2024-12-10,CGY,NSH,145.0,-175.0,0.5332391734661613,0.4667608265338385,CGY,CGY,4.0,3.0,True,0.5332391734661613,True,CGY,145.0,0.5332391734661613,0.12507590816003888,True,145.0,944.9760930345637,0.7317073170731707,0.75
2024-12-10,BOS,WPG,120.0,-140.0,0.5,0.5,WPG,WPG,1.0,8.0,True,0.5,False,,,,,,0.0,944.9760930345637,0.7380952380952381,
2024-12-10,PHI,CBJ,-120.0,100.0,0.5,0.5,CBJ,PHI,5.0,3.0,False,0.5,False,,,,,,0.0,944.9760930345637,0.7209302325581395,
2024-12-10,SJ,CAR,375.0,-500.0,0.4358503187031461,0.5641496812968538,CAR,CAR,2.0,3.0,True,0.5641496812968538,False,,,,,,0.0,944.9760930345637,0.7272727272727273,
2024-12-10,COL,PIT,-175.0,145.0,0.5100535574347024,0.4899464425652976,COL,COL,6.0,2.0,True,0.5100535574347024,False,,,,,,0.0,944.9760930345637,0.7333333333333333,
2024-12-10,TOR,NJ,115.0,-135.0,0.4294368738711336,0.5705631261288664,NJ,TOR,2.0,1.0,False,0.5705631261288664,False,,,,,,0.0,944.9760930345637,0.717391304347826,
2024-12-10,LA,NYI,-125.0,105.0,0.5633238455348655,0.4366761544651346,LA,LA,3.0,1.0,True,0.5633238455348655,True,LA,-125.0,0.5633238455348655,0.007768289979309895,True,80.0,1024.9760930345637,0.723404255319149,0.7647058823529411
2024-12-11,NYR,BUF,-140.0,120.0,0.5,0.5,BUF,NYR,3.0,2.0,False,0.5,False,,,,,,0.0,1024.9760930345637,0.7083333333333334,
2024-12-11,ANA,OTT,200.0,-250.0,0.4460465355348874,0.5539534644651126,OTT,OTT,1.0,5.0,True,0.5539534644651126,False,,,,,,0.0,1024.9760930345637,0.7142857142857143,
2024-12-12,VGK,WPG,100.0,-120.0,0.5400911454251451,0.4599088545748548,VGK,VGK,3.0,2.0,True,0.5400911454251451,True,VGK,100.0,0.5400911454251451,0.040091145425145136,True,100.0,1124.9760930345637,0.72,0.7777777777777778
2024-12-12,BOS,SEA,-115.0,-105.0,0.4921325785094455,0.5078674214905545,SEA,SEA,1.0,5.0,True,0.5078674214905545,False,,,,,,0.0,1124.9760930345637,0.7254901960784313,
2024-12-12,TB,CGY,-155.0,130.0,0.4732778746501598,0.5267221253498401,CGY,TB,8.0,3.0,False,0.5267221253498401,True,CGY,130.0,0.5267221253498401,0.09193951665418792,False,-100.0,1024.9760930345637,0.7115384615384616,0.7368421052631579
2024-12-12,UHC,COL,150.0,-185.0,0.533355935860057,0.4666440641399431,UHC,UHC,4.0,1.0,True,0.533355935860057,True,UHC,150.0,0.533355935860057,0.133355935860057,True,150.0,1174.9760930345637,0.7169811320754716,0.75
2024-12-12,EDM,MIN,-140.0,120.0,0.5457070315205175,0.4542929684794825,EDM,EDM,7.0,1.0,True,0.5457070315205175,False,,,,,,0.0,1174.9760930345637,0.7222222222222222,
2024-12-12,NSH,DAL,180.0,-225.0,0.5256081441036426,0.4743918558963573,NSH,NSH,4.0,1.0,True,0.5256081441036426,True,NSH,180.0,0.5256081441036426,0.1684652869607855,True,180.0,1354.9760930345637,0.7272727272727273,0.7619047619047619
2024-12-12,FLA,VAN,-185.0,150.0,0.5641291039247784,0.4358708960752216,FLA,VAN,0.0,4.0,False,0.5641291039247784,False,,,,,,0.0,1354.9760930345637,0.7142857142857143,
2024-12-12,CHI,NYI,155.0,-190.0,0.4867093303020228,0.5132906696979772,NYI,NYI,4.0,5.0,True,0.5132906696979772,False,,,,,,0.0,1354.9760930345637,0.7192982456140351,
2024-12-12,WSH,CBJ,-175.0,145.0,0.4839776477934378,0.516022352206562,CBJ,WSH,2.0,1.0,False,0.516022352206562,True,CBJ,145.0,0.516022352206562,0.10785908690043955,False,-100.0,1254.9760930345637,0.7068965517241379,0.7272727272727273
2024-12-12,DET,PHI,100.0,-120.0,0.4853362901231043,0.5146637098768956,PHI,PHI,1.0,4.0,True,0.5146637098768956,False,,,,,,0.0,1254.9760930345637,0.711864406779661,
2024-12-12,LA,NJ,130.0,-155.0,0.5140477301953815,0.4859522698046185,LA,NJ,1.0,3.0,False,0.5140477301953815,True,LA,130.0,0.5140477301953815,0.07926512149972936,False,-100.0,1154.9760930345637,0.7,0.6956521739130435
2024-12-12,PIT,MTL,-120.0,100.0,0.4918524061510931,0.5081475938489068,MTL,PIT,9.0,2.0,False,0.5081475938489068,True,MTL,100.0,0.5081475938489068,0.008147593848906842,False,-100.0,1054.9760930345637,0.6885245901639344,0.6666666666666666
2024-12-12,SJ,STL,145.0,-175.0,0.5,0.5,STL,SJ,4.0,3.0,False,0.5,False,,,,,,0.0,1054.9760930345637,0.6774193548387096,
2024-12-12,ANA,TOR,340.0,-450.0,0.4522056017198718,0.5477943982801282,TOR,TOR,2.0,3.0,True,0.5477943982801282,False,,,,,,0.0,1054.9760930345637,0.6825396825396826,
2024-12-13,OTT,CAR,170.0,-210.0,0.5,0.5,CAR,OTT,3.0,0.0,False,0.5,False,,,,,,0.0,1054.9760930345637,0.671875,
2024-12-14,TB,SEA,-130.0,110.0,0.5395462659183817,0.4604537340816183,TB,TB,5.0,1.0,True,0.5395462659183817,False,,,,,,0.0,1054.9760930345637,0.676923076923077,
2024-12-14,UHC,SJ,-190.0,155.0,0.523122092426509,0.4768779075734909,UHC,UHC,4.0,3.0,True,0.523122092426509,False,,,,,,0.0,1054.9760930345637,0.6818181818181818,
2024-12-14,BOS,VAN,115.0,-135.0,0.523780856546919,0.4762191434530811,BOS,BOS,5.0,1.0,True,0.523780856546919,True,BOS,115.0,0.523780856546919,0.058664577477151536,True,114.99999999999999,1169.9760930345637,0.6865671641791045,0.68
2024-12-14,FLA,CGY,-200.0,165.0,0.491288372312949,0.5087116276870511,CGY,CGY,0.0,3.0,True,0.5087116276870511,True,CGY,165.0,0.5087116276870511,0.13135313712101337,True,165.0,1334.9760930345637,0.6911764705882353,0.6923076923076923
2024-12-14,NSH,COL,145.0,-175.0,0.5163286898428134,0.4836713101571865,NSH,COL,2.0,5.0,False,0.5163286898428134,True,NSH,145.0,0.5163286898428134,0.10816542453669098,False,-100.0,1234.9760930345637,0.6811594202898551,0.6666666666666666
2024-12-14,STL,DAL,200.0,-250.0,0.5184191987635987,0.4815808012364012,STL,DAL,1.0,2.0,False,0.5184191987635987,True,STL,200.0,0.5184191987635987,0.18508586543026534,False,-100.0,1134.9760930345637,0.6714285714285714,0.6428571428571429
2024-12-14,MTL,WPG,220.0,-275.0,0.4642235937275024,0.5357764062724975,WPG,WPG,2.0,4.0,True,0.5357764062724975,False,,,,,,0.0,1134.9760930345637,0.676056338028169,
2024-12-14,BUF,WSH,155.0,-185.0,0.5493771609276908,0.450622839072309,BUF,WSH,2.0,4.0,False,0.5493771609276908,True,BUF,155.0,0.5493771609276908,0.1572202981825928,False,-100.0,1034.9760930345637,0.6666666666666666,0.6206896551724138
2024-12-14,TOR,DET,-185.0,155.0,0.4927368885938842,0.5072631114061159,DET,DET,2.0,4.0,True,0.5072631114061159,True,DET,155.0,0.5072631114061159,0.11510624866101787,True,155.0,1189.9760930345637,0.6712328767123288,0.6333333333333333
2024-12-14,PIT,OTT,115.0,-135.0,0.5339475224175532,0.4660524775824467,PIT,OTT,2.0,3.0,False,0.5339475224175532,True,PIT,115.0,0.5339475224175532,0.06883124334778573,False,-100.0,1089.9760930345637,0.6621621621621622,0.6129032258064516
2024-12-14,VGK,EDM,125.0,-145.0,0.5146066720168211,0.4853933279831789,VGK,EDM,3.0,6.0,False,0.5146066720168211,True,VGK,125.0,0.5146066720168211,0.07016222757237667,False,-100.0,989.9760930345637,0.6533333333333333,0.59375
2024-12-14,PHI,MIN,130.0,-155.0,0.5112480972775129,0.4887519027224874,PHI,MIN,1.0,4.0,False,0.5112480972775129,True,PHI,130.0,0.5112480972775129,0.0764654885818607,False,-100.0,889.9760930345637,0.6447368421052632,0.5757575757575758
2024-12-14,LA,NYR,-110.0,-110.0,0.5,0.5,NYR,LA,5.0,1.0,False,0.5,False,,,,,,0.0,889.9760930345637,0.6363636363636364,
2024-12-14,CHI,NJ,290.0,-375.0,0.4856807527902962,0.5143192472097039,NJ,NJ,1.0,4.0,True,0.5143192472097039,False,,,,,,0.0,889.9760930345637,0.6410256410256411,
2024-12-14,ANA,CBJ,150.0,-185.0,0.4624981734223076,0.5375018265776922,CBJ,ANA,4.0,3.0,False,0.5375018265776922,False,,,,,,0.0,889.9760930345637,0.6329113924050633,
2024-12-16,WSH,DAL,130.0,-155.0,0.5,0.5,DAL,DAL,1.0,3.0,True,0.5,False,,,,,,0.0,889.9760930345637,0.6375,
2024-12-16,FLA,EDM,105.0,-125.0,0.5,0.5,EDM,FLA,6.0,5.0,False,0.5,False,,,,,,0.0,889.9760930345637,0.6296296296296297,
2024-12-16,COL,VAN,-150.0,125.0,0.549844716033603,0.4501552839663971,COL,VAN,1.0,3.0,False,0.549844716033603,False,,,,,,0.0,889.9760930345637,0.6219512195121951,
2024-12-17,WSH,CHI,-200.0,165.0,0.5383804891726433,0.4616195108273568,WSH,CHI,2.0,3.0,False,0.5383804891726433,False,,,,,,0.0,889.9760930345637,0.6144578313253012,
2024-12-17,OTT,SEA,-130.0,110.0,0.5271167350186813,0.4728832649813186,OTT,OTT,3.0,0.0,True,0.5271167350186813,False,,,,,,0.0,889.9760930345637,0.6190476190476191,
2024-12-17,WPG,SJ,-225.0,185.0,0.492289240685273,0.5077107593147271,SJ,WPG,4.0,3.0,False,0.5077107593147271,True,SJ,185.0,0.5077107593147271,0.15683356633227097,False,-100.0,789.9760930345637,0.611764705882353,0.5588235294117647
2024-12-17,NYR,NSH,125.0,-150.0,0.5585226220140701,0.4414773779859301,NYR,NSH,0.0,2.0,False,0.5585226220140701,True,NYR,125.0,0.5585226220140701,0.11407817756962568,False,-100.0,689.9760930345637,0.6046511627906976,0.5428571428571428
2024-12-17,BOS,CGY,-135.0,115.0,0.4708850774685257,0.5291149225314743,CGY,BOS,4.0,3.0,False,0.5291149225314743,True,CGY,115.0,0.5291149225314743,0.06399864346170686,False,-100.0,589.9760930345637,0.5977011494252874,0.5277777777777778
2024-12-17,NYI,CAR,200.0,-250.0,0.5065396861695196,0.4934603138304804,NYI,CAR,0.0,4.0,False,0.5065396861695196,True,NYI,200.0,0.5065396861695196,0.1732063528361863,False,-100.0,489.97609303456375,0.5909090909090909,0.5135135135135135
2024-12-17,LA,PIT,-145.0,120.0,0.4638271741593311,0.5361728258406689,PIT,PIT,2.0,3.0,True,0.5361728258406689,True,PIT,120.0,0.5361728258406689,0.08162737129521441,True,120.0,609.9760930345637,0.5955056179775281,0.5263157894736842
2024-12-17,CBJ,TB,200.0,-250.0,0.5089309144783467,0.4910690855216532,CBJ,TB,3.0,5.0,False,0.5089309144783467,True,CBJ,200.0,0.5089309144783467,0.1755975811450134,False,-100.0,509.97609303456375,0.5888888888888889,0.5128205128205128
2024-12-17,BUF,MTL,-130.0,110.0,0.5262089641746437,0.4737910358253562,BUF,MTL,1.0,6.0,False,0.5262089641746437,False,,,,,,0.0,509.97609303456375,0.5824175824175825,
2024-12-17,NJ,STL,-185.0,150.0,0.4902547023540903,0.5097452976459095,STL,NJ,4.0,1.0,False,0.5097452976459095,True,STL,150.0,0.5097452976459095,0.10974529764590946,False,-100.0,409.97609303456375,0.5760869565217391,0.5
2024-12-18,PHI,DET,-105.0,-115.0,0.5,0.5,DET,DET,4.0,6.0,True,0.5,False,,,,,,0.0,409.97609303456375,0.5806451612903226,
2024-12-18,TOR,DAL,115.0,-135.0,0.4862158999844614,0.5137841000155386,DAL,TOR,5.0,3.0,False,0.5137841000155386,False,,,,,,0.0,409.97609303456375,0.574468085106383,
2024-12-18,FLA,MIN,-145.0,120.0,0.4925622794802916,0.5074377205197084,MIN,FLA,6.0,1.0,False,0.5074377205197084,True,MIN,120.0,0.5074377205197084,0.05289226597425384,False,-100.0,309.97609303456375,0.5684210526315789,0.4878048780487805
2024-12-18,VAN,UHC,100.0,-120.0,0.4658310681903717,0.5341689318096283,UHC,UHC,2.0,3.0,True,0.5341689318096283,False,,,,,,0.0,309.97609303456375,0.5729166666666666,
2024-12-18,WPG,ANA,-165.0,140.0,0.5121161930251434,0.4878838069748563,WPG,ANA,2.0,3.0,False,0.5121161930251434,False,,,,,,0.0,309.97609303456375,0.5670103092783505,
2024-12-19,COL,SJ,-275.0,220.0,0.5,0.5,SJ,COL,4.0,2.0,False,0.5,False,,,,,,0.0,309.97609303456375,0.5612244897959183,
2024-12-19,BOS,EDM,150.0,-185.0,0.4755636304784634,0.5244363695215366,EDM,EDM,2.0,3.0,True,0.5244363695215366,False,,,,,,0.0,309.97609303456375,0.5656565656565656,
2024-12-19,OTT,CGY,-135.0,115.0,0.490256721001739,0.5097432789982611,CGY,OTT,3.0,2.0,False,0.5097432789982611,True,CGY,115.0,0.5097432789982611,0.04462699992849367,False,-100.0,209.97609303456375,0.56,0.47619047619047616
2024-12-19,SEA,CHI,-145.0,125.0,0.5341677616878361,0.4658322383121638,SEA,CHI,1.0,3.0,False,0.5341677616878361,False,,,,,,0.0,209.97609303456375,0.5544554455445545,
2024-12-19,VAN,VGK,145.0,-175.0,0.4819453934389875,0.5180546065610124,VGK,VGK,1.0,3.0,True,0.5180546065610124,False,,,,,,0.0,209.97609303456375,0.5588235294117647,
2024-12-19,LA,PHI,-160.0,135.0,0.4778180952938846,0.5221819047061155,PHI,LA,7.0,3.0,False,0.5221819047061155,True,PHI,135.0,0.5221819047061155,0.09664998981249845,False,-100.0,109.97609303456375,0.5533980582524272,0.46511627906976744
2024-12-19,NJ,CBJ,-225.0,185.0,0.5,0.5,CBJ,CBJ,2.0,4.0,True,0.5,False,,,,,,0.0,109.97609303456375,0.5576923076923077,
2024-12-19,STL,TB,185.0,-225.0,0.508446502827786,0.4915534971722141,STL,TB,1.0,3.0,False,0.508446502827786,True,STL,185.0,0.508446502827786,0.1575693098453299,False,-100.0,9.976093034563746,0.5523809523809524,0.45454545454545453
2024-12-19,PIT,NSH,135.0,-160.0,0.5441477917952422,0.4558522082047578,PIT,PIT,5.0,4.0,True,0.5441477917952422,True,PIT,135.0,0.5441477917952422,0.11861587690162517,True,135.0,144.97609303456375,0.5566037735849056,0.4666666666666667
2024-12-27,VGK,SJ,-275.0,220.0,0.4732415800836628,0.5267584199163374,SJ,VGK,6.0,3.0,False,0.5267584199163374,True,SJ,220.0,0.5267584199163374,0.21425841991633743,False,-100.0,44.976093034563746,0.5514018691588785,0.45652173913043476
2024-12-27,MIN,DAL,170.0,-210.0,0.4729913576836475,0.5270086423163525,DAL,MIN,3.0,2.0,False,0.5270086423163525,False,,,,,,0.0,44.976093034563746,0.5462962962962963,
2024-12-27,NSH,STL,-135.0,115.0,0.4716337533930672,0.5283662466069328,STL,STL,4.0,7.0,True,0.5283662466069328,True,STL,115.0,0.5283662466069328,0.06324996753716533,True,114.99999999999999,159.97609303456375,0.5504587155963303,0.46808510638297873
2024-12-27,COL,UHC,-140.0,120.0,0.4684772390963563,0.5315227609036438,UHC,COL,4.0,1.0,False,0.5315227609036438,True,UHC,120.0,0.5315227609036438,0.07697730635818928,False,-100.0,59.976093034563746,0.5454545454545454,0.4583333333333333
2024-12-27,CAR,NJ,110.0,-130.0,0.4689671104047688,0.5310328895952311,NJ,NJ,2.0,4.0,True,0.5310328895952311,False,,,,,,0.0,59.976093034563746,0.5495495495495496,
2024-12-27,TOR,DET,-135.0,115.0,0.4702221736714556,0.5297778263285444,DET,TOR,5.0,2.0,False,0.5297778263285444,True,DET,115.0,0.5297778263285444,0.06466154725877699,False,-100.0,-40.023906965436254,0.5446428571428571,0.4489795918367347
2024-12-27,CHI,BUF,135.0,-160.0,0.471138974487194,0.528861025512806,BUF,BUF,2.0,6.0,True,0.528861025512806,False,,,,,,0.0,-40.023906965436254,0.5486725663716814,
2024-12-27,BOS,CBJ,-155.0,130.0,0.4700753819288478,0.5299246180711521,CBJ,CBJ,2.0,6.0,True,0.5299246180711521,True,CBJ,130.0,0.5299246180711521,0.09514200937549994,True,130.0,89.97609303456375,0.5526315789473685,0.46
2024-12-30,NYR,FLA,175.0,-210.0,0.4674466508802414,0.5325533491197587,FLA,FLA,3.0,5.0,True,0.5325533491197587,False,,,,,,0.0,89.97609303456375,0.5565217391304348,
2024-12-30,NSH,WPG,105.0,-125.0,0.4681543041553457,0.5318456958446544,WPG,WPG,0.0,3.0,True,0.5318456958446544,False,,,,,,0.0,89.97609303456375,0.5603448275862069,
2024-12-30,UHC,SEA,-155.0,130.0,0.466854969113871,0.533145030886129,SEA,SEA,2.0,5.0,True,0.533145030886129,True,SEA,130.0,0.533145030886129,0.0983624221904768,True,130.0,219.97609303456375,0.5641025641025641,0.47058823529411764
2025-01-02,BUF,COL,170.0,-210.0,0.4661311868570316,0.5338688131429686,COL,COL,5.0,6.0,True,0.5338688131429686,False,,,,,,0.0,219.97609303456375,0.5677966101694916,
2025-01-02,TB,SJ,-275.0,225.0,0.4659995735784535,0.5340004264215462,SJ,SJ,1.0,2.0,True,0.5340004264215462,True,SJ,225.0,0.5340004264215462,0.2263081187292385,True,225.0,444.97609303456375,0.5714285714285714,0.4807692307692308
2025-01-02,VAN,SEA,-105.0,-115.0,0.4660326973853363,0.5339673026146635,SEA,VAN,4.0,3.0,False,0.5339673026146635,False,,,,,,0.0,444.97609303456375,0.5666666666666667,
2025-01-02,PHI,VGK,155.0,-190.0,0.4660667550468353,0.5339332449531646,VGK,VGK,2.0,5.0,True,0.5339332449531646,False,,,,,,0.0,444.97609303456375,0.5702479338842975,
2025-01-02,UHC,CGY,-125.0,105.0,0.4660290455268123,0.5339709544731875,CGY,UHC,5.0,3.0,False,0.5339709544731875,True,CGY,105.0,0.5339709544731875,0.046166076424407065,False,-100.0,344.97609303456375,0.5655737704918032,0.4716981132075472
2025-01-02,ANA,WPG,225.0,-275.0,0.4663056867457592,0.5336943132542408,WPG,ANA,4.0,3.0,False,0.5336943132542408,False,,,,,,0.0,344.97609303456375,0.5609756097560976,
2025-01-02,OTT,DAL,155.0,-190.0,0.4660364455423578,0.5339635544576422,DAL,DAL,2.0,4.0,True,0.5339635544576422,False,,,,,,0.0,344.97609303456375,0.5645161290322581,
2025-01-02,TOR,NYI,-110.0,-110.0,0.4660773897039166,0.5339226102960836,NYI,TOR,2.0,1.0,False,0.5339226102960836,True,NYI,-110.0,0.5339226102960836,0.01011308648655973,False,-100.0,244.97609303456375,0.56,0.46296296296296297
2025-01-02,DET,CBJ,-105.0,-115.0,0.4661047726711431,0.5338952273288567,CBJ,DET,5.0,4.0,False,0.5338952273288567,False,,,,,,0.0,244.97609303456375,0.5555555555555556,
2025-01-02,MIN,WSH,140.0,-165.0,0.4662202311561249,0.5337797688438749,WSH,MIN,4.0,3.0,False,0.5337797688438749,False,,,,,,0.0,244.97609303456375,0.5511811023622047,
2025-01-02,BOS,NYR,-110.0,-110.0,0.4660454704711382,0.5339545295288617,NYR,NYR,1.0,2.0,True,0.5339545295288617,True,NYR,-110.0,0.5339545295288617,0.010145005719337852,True,90.9090909090909,335.8851839436546,0.5546875,0.4727272727272727
2025-01-02,CAR,FLA,105.0,-125.0,0.4661393488682763,0.5338606511317237,FLA,CAR,3.0,1.0,False,0.5338606511317237,False,,,,,,0.0,335.8851839436546,0.5503875968992248,
2025-01-03,PIT,FLA,155.0,-190.0,0.3625804364172136,0.6374195635827862,FLA,FLA,2.0,3.0,True,0.6374195635827862,False,,,,,,0.0,335.8851839436546,0.5538461538461539,
2025-01-03,MTL,CHI,-145.0,120.0,0.5,0.5,CHI,CHI,2.0,4.0,True,0.5,False,,,,,,0.0,335.8851839436546,0.5572519083969466,
2025-01-03,OTT,STL,100.0,-120.0,0.4680818006091742,0.5319181993908257,STL,STL,0.0,4.0,True,0.5319181993908257,False,,,,,,0.0,335.8851839436546,0.5606060606060606,
2025-01-03,ANA,EDM,375.0,-500.0,0.3292668807834509,0.6707331192165491,EDM,EDM,2.0,3.0,True,0.6707331192165491,False,,,,,,0.0,335.8851839436546,0.5639097744360902,
2025-01-03,NSH,VAN,-190.0,160.0,0.5604725354551932,0.4395274645448068,NSH,NSH,3.0,0.0,True,0.5604725354551932,False,,,,,,0.0,335.8851839436546,0.5671641791044776,
2025-01-06,WSH,BUF,-150.0,125.0,0.4799820812195114,0.5200179187804884,BUF,BUF,3.0,4.0,True,0.5200179187804884,True,BUF,125.0,0.5200179187804884,0.075573474336044,True,125.0,460.8851839436546,0.5703703703703704,0.48214285714285715
2025-01-06,VAN,MTL,-130.0,110.0,0.4179992617421507,0.5820007382578491,MTL,MTL,4.0,5.0,True,0.5820007382578491,True,MTL,110.0,0.5820007382578491,0.10581026206737298,True,110.00000000000001,570.8851839436546,0.5735294117647058,0.49122807017543857
2025-01-06,FLA,COL,105.0,-125.0,0.6230537412788494,0.3769462587211507,FLA,COL,1.0,3.0,False,0.6230537412788494,True,FLA,105.0,0.6230537412788494,0.1352488632300689,False,-100.0,470.8851839436546,0.5693430656934306,0.4827586206896552
2025-01-06,NJ,SEA,-250.0,200.0,0.5784399147020287,0.4215600852979713,NJ,NJ,3.0,2.0,True,0.5784399147020287,False,,,,,,0.0,470.8851839436546,0.572463768115942,
2025-01-08,CGY,LA,,,0.4880274796967493,0.5119725203032507,LA,,,,False,0.5119725203032507,False,,,,,,0.0,470.8851839436546,0.5683453237410072,
2025-01-08,FLA,UHC,-145.0,125.0,0.5612858429641905,0.4387141570358095,FLA,FLA,4.0,1.0,True,0.5612858429641905,False,,,,,,0.0,470.8851839436546,0.5714285714285714,
2025-01-08,VAN,WSH,150.0,-185.0,0.4732220001244521,0.526777999875548,WSH,WSH,1.0,2.0,True,0.526777999875548,False,,,,,,0.0,470.8851839436546,0.574468085106383,
2025-01-08,COL,CHI,-250.0,200.0,0.6393917236850569,0.3606082763149431,COL,CHI,1.0,3.0,False,0.6393917236850569,False,,,,,,0.0,470.8851839436546,0.5704225352112676,
2025-01-09,BUF,OTT,135.0,-160.0,0.410557128425649,0.5894428715743509,OTT,BUF,4.0,0.0,False,0.5894428715743509,False,,,,,,0.0,470.8851839436546,0.5664335664335665,
2025-01-09,BOS,TB,140.0,-165.0,0.422379023997136,0.5776209760028641,TB,TB,1.0,4.0,True,0.5776209760028641,False,,,,,,0.0,470.8851839436546,0.5694444444444444,
2025-01-09,NJ,NYR,-160.0,135.0,0.6540199131486838,0.3459800868513162,NJ,NYR,2.0,3.0,False,0.6540199131486838,True,NJ,-160.0,0.6540199131486838,0.03863529776406838,False,-100.0,370.8851839436546,0.5655172413793104,0.4745762711864407
2025-01-09,DAL,PHI,-155.0,130.0,0.4934180908559948,0.5065819091440052,PHI,DAL,4.0,1.0,False,0.5065819091440052,True,PHI,130.0,0.5065819091440052,0.07179930044835309,False,-100.0,270.8851839436546,0.5616438356164384,0.4666666666666667
2025-01-09,EDM,PIT,-225.0,185.0,0.5453957230558716,0.4546042769441284,EDM,PIT,3.0,5.0,False,0.5453957230558716,False,,,,,,0.0,270.8851839436546,0.5578231292517006,
2025-01-09,SEA,CBJ,-125.0,105.0,0.4070328974864639,0.5929671025135362,CBJ,CBJ,2.0,6.0,True,0.5929671025135362,True,CBJ,105.0,0.5929671025135362,0.10516222446475576,True,105.0,375.8851839436546,0.5608108108108109,0.47540983606557374
2025-01-09,TOR,CAR,145.0,-175.0,0.3233970290105043,0.6766029709894956,CAR,CAR,3.0,6.0,True,0.6766029709894956,True,CAR,-175.0,0.6766029709894956,0.04023933462585927,True,57.14285714285714,433.02804108651173,0.5637583892617449,0.4838709677419355
2025-01-09,ANA,STL,170.0,-210.0,0.3726381274949822,0.6273618725050177,STL,STL,2.0,6.0,True,0.6273618725050177,False,,,,,,0.0,433.02804108651173,0.5666666666666667,
2025-01-09,COL,MIN,-150.0,125.0,0.6496624379069985,0.3503375620930014,COL,COL,6.0,1.0,True,0.6496624379069985,True,COL,-150.0,0.6496624379069985,0.049662437906998536,True,66.66666666666666,499.69470775317836,0.5695364238410596,0.49206349206349204
2025-01-09,NYI,VGK,145.0,-175.0,0.4417235349939958,0.5582764650060043,VGK,NYI,4.0,0.0,False,0.5582764650060043,False,,,,,,0.0,499.69470775317836,0.5657894736842105,
2025-01-10,SJ,UHC,220.0,-275.0,0.418783876233406,0.5812161237665942,UHC,UHC,1.0,2.0,True,0.5812161237665942,False,,,,,,0.0,499.69470775317836,0.5686274509803921,
2025-01-10,LA,WPG,-110.0,-110.0,0.4814206167358349,0.5185793832641651,WPG,LA,2.0,1.0,False,0.5185793832641651,False,,,,,,0.0,499.69470775317836,0.564935064935065,
2025-01-10,VAN,CAR,145.0,-175.0,0.3781134126376229,0.6218865873623772,CAR,CAR,0.0,2.0,True,0.6218865873623772,False,,,,,,0.0,499.69470775317836,0.567741935483871,
2025-01-10,MTL,WSH,185.0,-225.0,0.572980011605235,0.427019988394765,MTL,MTL,3.0,2.0,True,0.572980011605235,True,MTL,185.0,0.572980011605235,0.22210281862277892,True,185.0,684.6947077531784,0.5705128205128205,0.5
2025-01-10,CHI,DET,150.0,-185.0,0.3532744009445401,0.6467255990554598,DET,DET,3.0,5.0,True,0.6467255990554598,False,,,,,,0.0,684.6947077531784,0.5732484076433121,
2025-01-11,MIN,SJ,-210.0,170.0,0.469387415281666,0.530612584718334,SJ,MIN,3.0,1.0,False,0.530612584718334,True,SJ,170.0,0.530612584718334,0.1602422143479636,False,-100.0,584.6947077531784,0.569620253164557,0.49230769230769234
2025-01-11,LA,CGY,-115.0,-105.0,0.3978733992970414,0.6021266007029585,CGY,CGY,1.0,2.0,True,0.6021266007029585,True,CGY,-105.0,0.6021266007029585,0.08993147875173901,True,95.23809523809523,679.9328029912735,0.5723270440251572,0.5
2025-01-11,NYI,UHC,-110.0,-110.0,0.5774882499736117,0.4225117500263883,NYI,NYI,2.0,1.0,True,0.5774882499736117,True,NYI,-110.0,0.5774882499736117,0.053678726164087864,True,90.9090909090909,770.8418939003644,0.575,0.5074626865671642
2025-01-11,WSH,NSH,125.0,-150.0,0.4232741148202775,0.5767258851797225,NSH,WSH,4.0,1.0,False,0.5767258851797225,False,,,,,,0.0,770.8418939003644,0.5714285714285714,
2025-01-11,COL,WPG,-120.0,100.0,0.552967517327119,0.4470324826728808,COL,WPG,0.0,3.0,False,0.552967517327119,True,COL,-120.0,0.552967517327119,0.007512971872573604,False,-100.0,670.8418939003644,0.5679012345679012,0.5
2025-01-11,CBJ,STL,150.0,-185.0,0.3684011686698407,0.631598831330159,STL,CBJ,2.0,1.0,False,0.631598831330159,False,,,,,,0.0,670.8418939003644,0.5644171779141104,
2025-01-11,EDM,CHI,-400.0,310.0,0.5297284671780345,0.4702715328219655,EDM,EDM,4.0,3.0,True,0.5297284671780345,False,,,,,,0.0,670.8418939003644,0.5670731707317073,
2025-01-11,NYR,VGK,140.0,-165.0,0.3490419967383062,0.6509580032616937,VGK,NYR,2.0,1.0,False,0.6509580032616937,True,VGK,-165.0,0.6509580032616937,0.028316493827731493,False,-100.0,570.8418939003644,0.5636363636363636,0.4927536231884058
2025-01-11,TB,NJ,115.0,-135.0,0.4033661884504126,0.5966338115495874,NJ,NJ,2.0,3.0,True,0.5966338115495874,True,NJ,-135.0,0.5966338115495874,0.02216572644320436,True,74.07407407407408,644.9159679744384,0.5662650602409639,0.5
2025-01-11,DAL,MTL,-225.0,185.0,0.5355771185275023,0.4644228814724975,DAL,DAL,2.0,1.0,True,0.5355771185275023,False,,,,,,0.0,644.9159679744384,0.5688622754491018,
2025-01-11,VAN,TOR,145.0,-175.0,0.4594592181547574,0.5405407818452427,TOR,VAN,3.0,0.0,False,0.5405407818452427,False,,,,,,0.0,644.9159679744384,0.5654761904761905,
2025-01-11,OTT,PIT,-115.0,-105.0,0.5538264576831652,0.4461735423168347,OTT,OTT,5.0,0.0,True,0.5538264576831652,True,OTT,-115.0,0.5538264576831652,0.018942736752932676,True,86.95652173913044,731.8724897135689,0.5680473372781065,0.5070422535211268
2025-01-11,SEA,BUF,115.0,-135.0,0.427423558212493,0.5725764417875072,BUF,SEA,6.0,2.0,False,0.5725764417875072,False,,,,,,0.0,731.8724897135689,0.5647058823529412,
2025-01-11,BOS,FLA,165.0,-200.0,0.3466101361747018,0.6533898638252984,FLA,BOS,4.0,3.0,False,0.6533898638252984,False,,,,,,0.0,731.8724897135689,0.5614035087719298,
2025-01-11,ANA,PHI,165.0,-200.0,0.3231252554070524,0.6768747445929476,PHI,PHI,0.0,6.0,True,0.6768747445929476,True,PHI,-200.0,0.6768747445929476,0.010208077926280978,True,50.0,781.8724897135689,0.563953488372093,0.5138888888888888
2025-01-12,MIN,VGK,165.0,-200.0,0.338252597725139,0.6617474022748611,VGK,VGK,1.0,4.0,True,0.6617474022748611,False,,,,,,0.0,781.8724897135689,0.5664739884393064,
2025-01-12,TB,PIT,-150.0,125.0,0.5126569322036927,0.4873430677963071,TB,TB,5.0,2.0,True,0.5126569322036927,False,,,,,,0.0,781.8724897135689,0.5689655172413793,
2025-01-12,ANA,CAR,400.0,-550.0,0.3437539908816061,0.6562460091183938,CAR,ANA,3.0,2.0,False,0.6562460091183938,False,,,,,,0.0,781.8724897135689,0.5657142857142857,
2025-01-12,SEA,DET,135.0,-160.0,0.4065479793280322,0.5934520206719679,DET,DET,2.0,6.0,True,0.5934520206719679,False,,,,,,0.0,781.8724897135689,0.5681818181818182,
2025-01-12,DAL,OTT,-140.0,120.0,0.5458026378680485,0.4541973621319515,DAL,OTT,2.0,3.0,False,0.5458026378680485,False,,,,,,0.0,781.8724897135689,0.5649717514124294,
2025-01-13,FLA,PHI,-190.0,155.0,0.5744526096388735,0.4255473903611265,FLA,PHI,3.0,4.0,False,0.5744526096388735,False,,,,,,0.0,781.8724897135689,0.5617977528089888,
2025-01-13,CGY,CHI,-160.0,135.0,0.61504620336126,0.3849537966387402,CGY,CGY,5.0,2.0,True,0.61504620336126,False,,,,,,0.0,781.8724897135689,0.5642458100558659,
2025-01-13,LA,EDM,170.0,-210.0,0.3521166920851689,0.6478833079148313,EDM,EDM,0.0,1.0,True,0.6478833079148313,False,,,,,,0.0,781.8724897135689,0.5666666666666667,
2025-01-14,CGY,STL,140.0,-165.0,0.4707375260708394,0.5292624739291606,STL,STL,1.0,2.0,True,0.5292624739291606,False,,,,,,0.0,781.8724897135689,0.569060773480663,
2025-01-14,MTL,UHC,135.0,-160.0,0.5447962428191137,0.4552037571808863,MTL,MTL,5.0,3.0,True,0.5447962428191137,True,MTL,135.0,0.5447962428191137,0.11926432792549663,True,135.0,916.8724897135689,0.5714285714285714,0.5205479452054794
2025-01-14,NYR,COL,125.0,-150.0,0.4276775446893061,0.5723224553106939,COL,COL,2.0,3.0,True,0.5723224553106939,False,,,,,,0.0,916.8724897135689,0.5737704918032787,
2025-01-14,VAN,WPG,135.0,-160.0,0.4188440208789424,0.5811559791210575,WPG,WPG,1.0,6.0,True,0.5811559791210575,False,,,,,,0.0,916.8724897135689,0.5760869565217391,
2025-01-14,VGK,NSH,-125.0,105.0,0.5308847340311759,0.4691152659688242,VGK,NSH,3.0,5.0,False,0.5308847340311759,False,,,,,,0.0,916.8724897135689,0.572972972972973,
2025-01-14,OTT,NYI,100.0,-120.0,0.4325070779686323,0.5674929220313677,NYI,OTT,2.0,0.0,False,0.5674929220313677,True,NYI,-120.0,0.5674929220313677,0.022038376576822283,False,-100.0,816.8724897135689,0.5698924731182796,0.5135135135135135
2025-01-14,ANA,WSH,220.0,-275.0,0.333883794957353,0.6661162050426471,WSH,WSH,0.0,3.0,True,0.6661162050426471,False,,,,,,0.0,816.8724897135689,0.5721925133689839,
2025-01-14,PHI,CBJ,-120.0,100.0,0.4708816781946509,0.5291183218053491,CBJ,CBJ,2.0,3.0,True,0.5291183218053491,True,CBJ,100.0,0.5291183218053491,0.029118321805349123,True,100.0,916.8724897135689,0.574468085106383,0.52
2025-01-14,SEA,PIT,110.0,-130.0,0.3944717130190547,0.6055282869809453,PIT,SEA,4.0,2.0,False,0.6055282869809453,True,PIT,-130.0,0.6055282869809453,0.040310895676597513,False,-100.0,816.8724897135689,0.5714285714285714,0.5131578947368421
2025-01-14,SJ,DET,155.0,-190.0,0.4267759074725228,0.5732240925274771,DET,SJ,6.0,3.0,False,0.5732240925274771,False,,,,,,0.0,816.8724897135689,0.5684210526315789,
2025-01-14,DAL,TOR,-130.0,110.0,0.5,0.5,TOR,DAL,4.0,1.0,False,0.5,False,,,,,,0.0,816.8724897135689,0.5654450261780105,
2025-01-14,TB,BOS,-140.0,120.0,0.4599683937242112,0.540031606275789,BOS,BOS,2.0,6.0,True,0.540031606275789,True,BOS,120.0,0.540031606275789,0.08548615173033441,True,120.0,936.8724897135689,0.5677083333333334,0.5194805194805194
2025-01-14,FLA,NJ,130.0,-155.0,0.5359034261960025,0.4640965738039974,FLA,FLA,2.0,1.0,True,0.5359034261960025,True,FLA,130.0,0.5359034261960025,0.10112081750035035,True,130.0,1066.872489713569,0.5699481865284974,0.5256410256410257
2025-01-15,CAR,BUF,-190.0,155.0,0.5912786866835071,0.4087213133164928,CAR,BUF,2.0,4.0,False,0.5912786866835071,False,,,,,,0.0,1066.872489713569,0.5670103092783505,
2025-01-15,EDM,MIN,-225.0,185.0,0.5972554161710836,0.4027445838289166,EDM,EDM,5.0,3.0,True,0.5972554161710836,False,,,,,,0.0,1066.872489713569,0.5692307692307692,
2025-01-16,LA,VAN,-110.0,-110.0,0.5384028211085871,0.461597178891413,LA,LA,5.0,1.0,True,0.5384028211085871,True,LA,-110.0,0.5384028211085871,0.014593297299063224,True,90.9090909090909,1157.78158062266,0.5714285714285714,0.5316455696202531
2025-01-16,EDM,COL,100.0,-120.0,0.57678161360618,0.4232183863938201,EDM,EDM,4.0,3.0,True,0.57678161360618,True,EDM,100.0,0.57678161360618,0.07678161360617997,True,100.0,1257.78158062266,0.5736040609137056,0.5375
2025-01-16,NYR,UHC,-105.0,-115.0,0.4863735402233295,0.5136264597766703,UHC,NYR,5.0,3.0,False,0.5136264597766703,False,,,,,,0.0,1257.78158062266,0.5707070707070707,
2025-01-16,SEA,WPG,185.0,-225.0,0.4272111840372439,0.572788815962756,WPG,WPG,1.0,2.0,True,0.572788815962756,False,,,,,,0.0,1257.78158062266,0.5728643216080402,
2025-01-16,MTL,DAL,170.0,-210.0,0.4309314554705418,0.5690685445294582,DAL,MTL,3.0,1.0,False,0.5690685445294582,False,,,,,,0.0,1257.78158062266,0.57,
2025-01-16,CHI,NSH,220.0,-275.0,0.429953228150116,0.5700467718498838,NSH,NSH,2.0,3.0,True,0.5700467718498838,False,,,,,,0.0,1257.78158062266,0.572139303482587,
2025-01-16,CGY,STL,115.0,-135.0,0.4681534162493087,0.5318465837506913,STL,STL,1.0,4.0,True,0.5318465837506913,False,,,,,,0.0,1257.78158062266,0.5742574257425742,
2025-01-16,SJ,CBJ,145.0,-175.0,0.3739768530854147,0.6260231469145853,CBJ,CBJ,1.0,4.0,True,0.6260231469145853,False,,,,,,0.0,1257.78158062266,0.5763546798029556,
2025-01-16,DET,FLA,220.0,-275.0,0.3981176740777081,0.6018823259222918,FLA,DET,5.0,2.0,False,0.6018823259222918,False,,,,,,0.0,1257.78158062266,0.5735294117647058,
2025-01-16,ANA,TB,275.0,-350.0,0.383583533505908,0.6164164664940919,TB,TB,3.0,4.0,True,0.6164164664940919,False,,,,,,0.0,1257.78158062266,0.5756097560975609,
2025-01-16,WSH,OTT,-110.0,-110.0,0.4432413773720433,0.5567586226279568,OTT,WSH,1.0,0.0,False,0.5567586226279568,True,OTT,-110.0,0.5567586226279568,0.032949098818433,False,-100.0,1157.78158062266,0.5728155339805825,0.5308641975308642
2025-01-16,NJ,TOR,-130.0,110.0,0.5255989636100566,0.4744010363899432,NJ,TOR,3.0,4.0,False,0.5255989636100566,False,,,,,,0.0,1157.78158062266,0.5700483091787439,
2025-01-16,PHI,NYI,115.0,-135.0,0.4599430062607215,0.5400569937392785,NYI,PHI,5.0,3.0,False,0.5400569937392785,False,,,,,,0.0,1157.78158062266,0.5673076923076923,
2025-01-17,PIT,BUF,100.0,-120.0,0.5,0.5,BUF,PIT,5.0,2.0,False,0.5,False,,,,,,0.0,1157.78158062266,0.5645933014354066,
2025-01-17,VGK,CAR,125.0,-150.0,0.459170233320508,0.5408297666794919,CAR,CAR,2.0,3.0,True,0.5408297666794919,False,,,,,,0.0,1157.78158062266,0.5666666666666667,
2025-01-19,OTT,NJ,155.0,-185.0,0.589991582197639,0.4100084178023609,OTT,OTT,2.0,1.0,True,0.589991582197639,True,OTT,155.0,0.589991582197639,0.197834719452541,True,155.0,1312.78158062266,0.5687203791469194,0.5365853658536586
2025-01-19,NYR,MTL,-115.0,-105.0,0.370248224291457,0.6297517757085429,MTL,MTL,4.0,5.0,True,0.6297517757085429,True,MTL,-105.0,0.6297517757085429,0.11755665375732338,True,95.23809523809523,1408.0196758607551,0.5707547169811321,0.5421686746987951
2025-01-19,DET,DAL,185.0,-225.0,0.4757631930753571,0.524236806924643,DAL,DAL,1.0,4.0,True,0.524236806924643,False,,,,,,0.0,1408.0196758607551,0.5727699530516432,
2025-01-20,PIT,LA,155.0,-190.0,0.5,0.5,LA,PIT,5.0,1.0,False,0.5,False,,,,,,0.0,1408.0196758607551,0.5700934579439252,
2025-01-20,WPG,UHC,-175.0,145.0,0.5552812732522284,0.4447187267477714,WPG,UHC,2.0,5.0,False,0.5552812732522284,False,,,,,,0.0,1408.0196758607551,0.5674418604651162,
2025-01-20,CAR,CHI,-300.0,240.0,0.6109703692676395,0.3890296307323605,CAR,CAR,4.0,3.0,True,0.6109703692676395,False,,,,,,0.0,1408.0196758607551,0.5694444444444444,
2025-01-20,CBJ,NYI,150.0,-185.0,0.4079028561041546,0.5920971438958456,NYI,NYI,1.0,3.0,True,0.5920971438958456,False,,,,,,0.0,1408.0196758607551,0.5714285714285714,
2025-01-20,BUF,SEA,100.0,-120.0,0.4811998850270836,0.5188001149729162,SEA,SEA,4.0,6.0,True,0.5188001149729162,False,,,,,,0.0,1408.0196758607551,0.573394495412844,
2025-01-20,STL,VGK,170.0,-210.0,0.4635878632954043,0.5364121367045958,VGK,STL,5.0,4.0,False,0.5364121367045958,False,,,,,,0.0,1408.0196758607551,0.5707762557077626,
2025-01-20,MIN,COL,185.0,-225.0,0.3154294707318679,0.6845705292681321,COL,MIN,3.0,1.0,False,0.6845705292681321,False,,,,,,0.0,1408.0196758607551,0.5681818181818182,
2025-01-20,SJ,BOS,185.0,-225.0,0.3798859078626864,0.6201140921373135,BOS,BOS,3.0,6.0,True,0.6201140921373135,False,,,,,,0.0,1408.0196758607551,0.5701357466063348,
2025-01-20,TB,TOR,110.0,-130.0,0.5,0.5,TOR,TOR,3.0,5.0,True,0.5,False,,,,,,0.0,1408.0196758607551,0.5720720720720721,
2025-01-21,TB,MTL,-145.0,125.0,0.4043169897190055,0.5956830102809945,MTL,MTL,2.0,3.0,True,0.5956830102809945,True,MTL,125.0,0.5956830102809945,0.15123856583655004,True,125.0,1533.0196758607551,0.5739910313901345,0.5476190476190477
2025-01-21,OTT,NYR,110.0,-130.0,0.5135162423954898,0.4864837576045102,OTT,NYR,0.0,5.0,False,0.5135162423954898,True,OTT,110.0,0.5135162423954898,0.0373257662050136,False,-100.0,1433.0196758607551,0.5714285714285714,0.5411764705882353
2025-01-21,DET,PHI,120.0,-140.0,0.5144240720434267,0.4855759279565735,DET,PHI,1.0,2.0,False,0.5144240720434267,True,DET,120.0,0.5144240720434267,0.05987861749797213,False,-100.0,1333.0196758607551,0.5688888888888889,0.5348837209302325
2025-01-21,SJ,NSH,310.0,-400.0,0.3877750572809001,0.6122249427190998,NSH,NSH,5.0,7.0,True,0.6122249427190998,False,,,,,,0.0,1333.0196758607551,0.5707964601769911,
2025-01-21,CAR,DAL,100.0,-120.0,0.5429886703780533,0.4570113296219467,CAR,CAR,2.0,1.0,True,0.5429886703780533,True,CAR,100.0,0.5429886703780533,0.04298867037805332,True,100.0,1433.0196758607551,0.5726872246696035,0.5402298850574713
2025-01-21,WSH,EDM,130.0,-155.0,0.3794815779519059,0.6205184220480942,EDM,WSH,3.0,2.0,False,0.6205184220480942,True,EDM,-155.0,0.6205184220480942,0.012675284793192243,False,-100.0,1333.0196758607551,0.5701754385964912,0.5340909090909091
2025-01-21,BUF,VAN,150.0,-185.0,0.4560031123367358,0.5439968876632643,VAN,BUF,3.0,2.0,False,0.5439968876632643,False,,,,,,0.0,1333.0196758607551,0.5676855895196506,
2025-01-21,FLA,ANA,-275.0,220.0,0.6343405035147901,0.3656594964852099,FLA,FLA,5.0,2.0,True,0.6343405035147901,False,,,,,,0.0,1333.0196758607551,0.5695652173913044,
2025-01-22,FLA,LA,100.0,-120.0,0.5890495265769702,0.4109504734230297,FLA,LA,1.0,2.0,False,0.5890495265769702,True,FLA,100.0,0.5890495265769702,0.08904952657697018,False,-100.0,1233.0196758607551,0.5670995670995671,0.5280898876404494
2025-01-22,WPG,COL,100.0,-120.0,0.5734647686624181,0.426535231337582,WPG,WPG,3.0,2.0,True,0.5734647686624181,True,WPG,100.0,0.5734647686624181,0.07346476866241813,True,100.0,1333.0196758607551,0.5689655172413793,0.5333333333333333
2025-01-22,CBJ,TOR,165.0,-200.0,0.4211238965104621,0.5788761034895378,TOR,CBJ,5.0,1.0,False,0.5788761034895378,False,,,,,,0.0,1333.0196758607551,0.5665236051502146,
2025-01-22,BOS,NJ,185.0,-225.0,0.3422142532806778,0.6577857467193222,NJ,NJ,1.0,5.0,True,0.6577857467193222,False,,,,,,0.0,1333.0196758607551,0.5683760683760684,
2025-01-23,WSH,SEA,-140.0,118.0,0.456899981312914,0.5431000186870859,SEA,,,,False,0.5431000186870859,True,SEA,118.0,0.5431000186870859,0.08438442235681065,False,-100.0,1233.0196758607551,0.5659574468085107,0.5274725274725275
2025-01-23,OTT,BOS,-160.0,135.0,0.5729384871864892,0.4270615128135107,OTT,,,,False,0.5729384871864892,False,,,,,,0.0,1233.0196758607551,0.5635593220338984,
2025-01-23,MTL,DET,105.0,-125.0,0.3888482091331798,0.61115179086682,DET,,,,False,0.61115179086682,True,DET,-125.0,0.61115179086682,0.05559623531126445,False,-100.0,1133.0196758607551,0.5611814345991561,0.5217391304347826
2025-01-23,PHI,NYR,125.0,-145.0,0.4644358683624549,0.535564131637545,NYR,,,,False,0.535564131637545,False,,,,,,0.0,1133.0196758607551,0.5588235294117647,
2025-01-23,CBJ,CAR,290.0,-375.0,0.359880085720898,0.6401199142791021,CAR,,,,False,0.6401199142791021,False,,,,,,0.0,1133.0196758607551,0.5564853556485355,
2025-01-23,VGK,STL,-150.0,125.0,0.5282695848860025,0.4717304151139974,VGK,,,,False,0.5282695848860025,False,,,,,,0.0,1133.0196758607551,0.5541666666666667,
2025-01-23,UHC,MIN,125.0,-150.0,0.4725160984382289,0.527483901561771,MIN,,,,False,0.527483901561771,False,,,,,,0.0,1133.0196758607551,0.5518672199170125,
2025-01-23,BUF,CGY,115.0,-135.0,0.3984093990208708,0.6015906009791292,CGY,,,,False,0.6015906009791292,True,CGY,-135.0,0.6015906009791292,0.027122515872746167,False,-100.0,1033.0196758607551,0.5495867768595041,0.5161290322580645
2025-01-23,VAN,EDM,155.0,-185.0,0.4155773856337085,0.5844226143662914,EDM,,,,False,0.5844226143662914,False,,,,,,0.0,1033.0196758607551,0.5473251028806584,
2025-01-23,PIT,ANA,-150.0,125.0,0.6151792603310814,0.3848207396689186,PIT,,,,False,0.6151792603310814,True,PIT,-150.0,0.6151792603310814,0.015179260331081412,False,-100.0,933.0196758607551,0.5450819672131147,0.5106382978723404
2025-01-23,NSH,SJ,-250.0,200.0,0.5067689428465925,0.4932310571534072,NSH,,,,False,0.5067689428465925,False,,,,,,0.0,933.0196758607551,0.5428571428571428,
