Game,Team,days_of_rest,CA,CF,FA,FF,GA,GF,HDCA,HDCF,HDGA,HDGF,HDSA,HDSF,LDCA,LDCF,LDGA,LDGF,LDSA,LDSF,MDCA,MDCF,MDGA,MDGF,MDSA,MDSF,PDO,SA,SCA,SCF,SF,xGA,xGF
"2021-10-16 - STL 5, COL 3",STL,,,,,,,,,,,,,,,,,,,,,,,,,,,,,,,,
"2021-10-18 - STL 7, ARI 4",STL,1.0,,,,,,,,,,,,,,,,,,,,,,,,,,,,,,,
"2021-10-20 - STL 3, VGK 1",STL,1.0,,,,,,,,,,,,,,,,,,,,,,,,,,,,,,,
"2021-10-23 - LA 3, STL 7",STL,2.0,,,,,,,,,,,,,,,,,,,,,,,,,,,,,,,
"2021-10-25 - LA 0, STL 3",STL,1.0,,,,,,,,,,,,,,,,,,,,,,,,,,,,,,,
"2021-10-28 - COL 4, STL 3",STL,2.0,,,,,,,,,,,,,,,,,,,,,,,,,,,,,,,
"2021-10-30 - CHI 0, STL 1",STL,1.0,,,,,,,,,,,,,,,,,,,,,,,,,,,,,,,
"2021-11-03 - STL 2, LA 3",STL,3.0,,,,,,,,,,,,,,,,,,,,,,,,,,,,,,,
"2021-11-04 - STL 5, SJ 3",STL,0.0,,,,,,,,,,,,,,,,,,,,,,,,,,,,,,,
"2021-11-07 - STL 1, ANA 4",STL,2.0,,,,,,,,,,,,,,,,,,,,,,,,,,,,,,,
"2021-11-09 - STL 3, WPG 2",STL,1.0,42.526,46.091,33.754000000000005,35.413,1.558,2.246,9.686,8.641,1.066,0.925,7.470999999999999,7.034999999999999,19.361,19.905,0.111,0.189,9.302,9.328,13.252,17.224,0.391,1.132,6.395,8.919,1.0261,24.169,23.012,25.779000000000003,26.219,2.036,2.09
"2021-11-11 - NSH 4, STL 3",STL,1.0,44.501,46.248,35.465,35.19199999999999,1.653,2.029,10.576,8.581999999999999,1.16,1.026,8.188999999999998,6.997,20.713,19.703,0.2,0.189,10.197,9.102,12.913999999999998,17.698,0.295,0.826,6.137,8.898,1.0162,25.527,23.553,26.207,25.947000000000003,2.208,2.07
"2021-11-13 - STL 2, CAR 3",STL,1.0,46.379,47.588,36.659,35.622,1.6830000000000005,1.584,10.642,8.693999999999999,1.079,0.7969999999999999,8.114,6.757000000000001,20.991000000000003,19.593,0.305,0.189,10.248,9.364,14.748,18.425,0.3019999999999999,0.607,7.166,9.23,1.0039,26.511000000000003,25.465000000000003,27.055,26.487,2.233,2.061
"2021-11-14 - EDM 5, STL 4",STL,0.0,44.685,45.456,35.282,34.297999999999995,1.778,1.478,9.965,7.729999999999999,0.985,0.6910000000000001,7.224000000000001,5.81,20.867,19.521,0.4,0.189,10.34,9.225,13.897,17.293,0.3969999999999999,0.607,6.489,8.708000000000002,0.9961,24.679,23.935,24.956,24.902,2.092,1.966
"2021-11-16 - ARI 3, STL 2",STL,1.0,44.858,45.062,35.05200000000001,34.807,1.892,1.5610000000000002,9.412,7.915999999999999,0.884,0.588,6.684,5.626,21.309,19.453000000000003,0.4,0.277,10.788,9.42,14.203,17.063,0.607,0.7030000000000001,6.786999999999999,8.934999999999999,0.9953,24.839,23.663,24.938,25.122,1.999,2.021
"2021-11-18 - SJ 1, STL 4",STL,1.0,44.697,43.992,34.653000000000006,33.979,1.998,1.46,9.117,7.706999999999999,0.99,0.494,6.388,5.418,21.08,18.608,0.4,0.277,10.51,9.287,13.831,16.692,0.607,0.705,6.698,8.898,0.9862,24.289,22.987,24.380000000000003,24.515,2.026,1.999
"2021-11-20 - STL 1, DAL 4",STL,1.0,43.282,47.5,34.526,36.702000000000005,1.783,1.471,8.756,8.791999999999998,0.993,0.5900000000000001,5.822,6.016,20.72,21.171,0.289,0.182,10.202,10.182,14.151,17.811,0.5029999999999999,0.687,6.639,9.561000000000002,0.9812,23.165,22.996,26.535000000000004,26.588,2.057,2.138
"2021-11-22 - VGK 2, STL 5",STL,1.0,41.335,44.901,33.165,34.737,1.783,1.471,8.284,8.162,0.993,0.5900000000000001,5.893,5.46,19.849,20.538,0.289,0.182,9.845,10.228,13.191,16.059,0.5029999999999999,0.687,6.597999999999999,8.892999999999999,0.9812,23.045,21.538000000000004,24.179,25.599,1.962,1.979
"2021-11-24 - STL 2, DET 4",STL,1.0,41.053,43.898,33.887,33.63,1.809,1.851,8.738,7.626,1.113,0.776,6.5120000000000005,5.26,18.802,19.483,0.289,0.27,10.123,10.287,12.924,15.722,0.407,0.7849999999999999,6.531000000000001,9.08,0.9959,23.974,21.742,23.272,25.554,2.024,1.876
"2021-11-26 - STL 2, CHI 3",STL,1.0,41.966,44.664,34.338,34.211,1.996,1.6439999999999997,9.515,8.233,1.113,0.6699999999999999,6.795999999999999,5.768,17.887999999999998,19.199,0.289,0.27,9.894,10.344,13.04,15.56,0.598,0.6789999999999999,7.01,9.174,0.9778,24.495,22.637,23.73,26.313,2.111,1.9630000000000003
"2021-11-27 - CBJ 3, STL 6",STL,0.0,42.361,43.851,34.27,33.404,1.992,1.644,8.597,7.937,1.015,0.6699999999999999,6.142,5.804,18.949,19.242,0.289,0.27,10.28,10.239,13.253,15.607,0.694,0.6789999999999999,7.356999999999999,9.085,0.9786,24.542,21.934,23.473,26.023000000000003,2.08,1.9490000000000005
"2021-11-30 - TB 3, STL 4",STL,2.0,39.934,44.276,31.836,34.574,1.905,2.126,7.455000000000001,8.582,0.921,0.8539999999999999,5.328,6.074,17.253,18.45,0.2,0.27,9.003,9.855999999999998,13.638,16.165,0.7939999999999999,0.971,7.758,9.859,0.9948,22.806,21.190000000000005,24.654,26.713,1.876,2.057
"2021-12-02 - STL 2, TB 4",STL,1.0,40.194,42.813,31.778,33.842,1.808,2.126,7.903999999999999,7.984999999999999,0.926,0.76,5.669,5.588,18.162,18.287,0.095,0.358,9.023,9.612,13.339000000000002,16.256,0.692,0.971,7.178999999999999,9.8,1.0005000000000002,22.687,21.302,24.174,25.795,1.922,2.012
"2021-12-04 - STL 3, FLA 4",STL,1.0,40.895,43.416,32.378,33.88,1.907,2.025,8.788,7.590999999999999,1.119,0.659,6.667,5.501,17.4,18.468,0.095,0.358,8.793000000000001,9.885,14.151999999999996,16.952,0.597,0.971,7.476000000000001,9.702,0.9951,23.806,22.991000000000003,24.494,25.905,1.991,1.934
"2021-12-07 - FLA 3, STL 4",STL,2.0,43.447,42.187,34.355000000000004,32.254000000000005,1.672,1.956,9.403,7.036,1.002,0.673,6.842999999999999,5.19,18.696,17.808,0.095,0.27,9.589,9.572,14.569,16.544,0.483,0.98,7.347999999999999,9.194,1.0052,24.73,24.043,23.502,25.072,2.2,1.891
"2021-12-09 - DET 2, STL 6",STL,1.0,45.526,41.871,36.00599999999999,32.357,1.878,2.051,10.13,7.399000000000001,1.103,0.767,7.462999999999999,5.468,18.405,17.506999999999998,0.095,0.27,9.496,9.491,16.256999999999998,15.876,0.588,0.98,8.391,8.535,1.0073,26.389,26.457,23.21,24.909,2.347,1.887
"2021-12-11 - MTL 1, STL 4",STL,1.0,45.59,39.41799999999999,35.489,30.697,1.979,2.245,9.907,7.206,1.1010000000000002,0.868,7.348000000000001,5.568,18.413,15.031,0.095,0.471,10.144,8.686,15.781,14.848000000000004,0.6900000000000001,0.89,8.106,7.728999999999999,1.0196,26.677,25.745,22.007,23.318,2.276,1.859
"2021-12-12 - ANA 3, STL 2",STL,0.0,46.534000000000006,41.016,36.271,31.943,2.079,2.438,10.119,7.596999999999999,1.1010000000000002,1.061,7.154000000000001,5.772,19.205,14.969,0.095,0.471,10.497,8.633,15.726000000000004,16.276000000000003,0.79,0.89,7.715999999999999,8.638000000000002,1.02,26.439,25.931,23.776,24.416,2.29,1.987
"2021-12-14 - STL 4, DAL 1",STL,1.0,47.783,39.613,36.99,31.028,2.073,2.245,10.38,7.228,1.094,0.875,7.093000000000001,5.307,19.141,14.157,0.095,0.567,10.675,7.923,16.333,15.901000000000002,0.79,0.792,8.072999999999999,8.675,1.019,27.138,26.761000000000003,23.07,23.254,2.367,1.951
"2021-12-17 - DAL 1, STL 4",STL,2.0,47.973,38.844,37.734,30.244,1.886,2.351,9.963,6.946,1.0,0.976,7.167999999999999,5.022,20.03,13.18,0.095,0.578,10.625,7.778999999999999,16.096,16.04,0.694,0.792,8.253,8.578,1.0348000000000002,27.549,26.12,22.923,22.622000000000003,2.371,1.911
"2021-12-19 - STL 2, WPG 4",STL,1.0,48.809,38.556,37.964,30.431999999999995,1.8,2.438,11.113,7.394,1.011,1.07,7.69,5.284000000000001,19.524,12.287,0.095,0.578,10.462,7.504,16.323,15.93,0.598,0.7809999999999999,7.915000000000001,8.925999999999998,1.0413,27.678000000000004,27.478,23.256,23.096,2.43,1.989
"2021-12-29 - EDM 2, STL 4",STL,9.0,49.117,37.714000000000006,38.578,29.512,1.988,1.956,11.557,7.075,1.105,0.8859999999999999,8.065000000000001,5.33,19.908,12.774,0.095,0.578,11.243,7.749,16.003,15.160000000000002,0.6869999999999999,0.489,7.536,7.93,1.0201,28.499,27.563,22.209,22.249,2.519,1.929
"2022-01-01 - STL 6, MIN 4",STL,2.0,47.712,37.845,37.982,29.697000000000003,1.98,2.057,11.267,7.525999999999999,1.1,1.173,8.089,5.942,19.295,12.706,0.095,0.49,11.377999999999998,7.598000000000001,14.624,14.47,0.7889999999999999,0.3929999999999999,7.396000000000001,7.718000000000001,1.0238,28.422000000000004,25.911,21.933,22.366,2.465,1.938
"2022-01-05 - STL 3, PIT 5",STL,3.0,46.031,38.693,36.75600000000001,30.781,1.968,2.592,10.158,7.757000000000001,0.907,1.173,7.167,6.067,20.079,13.769,0.265,0.812,11.541999999999998,8.14,13.182000000000002,14.1,0.7889999999999999,0.601,6.808,7.862999999999999,1.037,27.08,23.382,21.756,23.177,2.306,1.979
"2022-01-07 - WSH 1, STL 5",STL,1.0,44.071,39.779,34.883,31.514,2.069,2.489,9.510000000000002,8.118,0.907,1.175,6.889,6.432,19.236,14.548999999999998,0.265,0.812,11.102,8.161999999999999,12.732,14.016,0.89,0.496,6.815,7.554,1.0263,26.265,22.271,22.029000000000003,23.466,2.157,1.97
"2022-01-09 - DAL 1, STL 2",STL,1.0,42.851,40.32,34.136,31.656,1.863,2.686,8.687,8.367,0.7,1.1800000000000002,6.064,6.653999999999999,19.34,14.696000000000002,0.265,0.919,11.447,8.129999999999999,12.398,14.213,0.89,0.591,6.556,7.772999999999999,1.0399999999999998,25.34,21.151,22.457,23.595,2.011,2.054
"2022-01-13 - SEA 1, STL 2",STL,3.0,41.993,40.206,33.766,31.524,1.767,2.196,8.855,8.114,0.704,0.983,6.226000000000001,6.506,18.564,14.693,0.265,0.7180000000000001,10.435,7.950999999999999,12.316999999999998,14.222,0.788,0.493,6.891,8.106,1.0189,24.775,21.212,22.252,23.582,2.052,2.019
"2022-01-15 - TOR 6, STL 5",STL,1.0,42.444,38.994,34.076,30.192999999999994,1.773,2.095,9.342,7.4940000000000015,0.8099999999999999,0.7899999999999999,6.894,6.083,18.378,14.626,0.265,0.7180000000000001,10.236,7.609,12.822,13.894,0.6880000000000001,0.589,7.33,7.753,1.0193,25.468,22.188,21.345,22.229000000000003,2.1670000000000003,1.883
"2022-01-17 - NSH 3, STL 5",STL,1.0,42.216,39.309,33.976,30.243,2.092,2.377,8.834999999999999,7.937,0.704,1.163,6.606,6.534000000000001,18.916000000000004,14.614,0.476,0.534,10.172,7.334999999999999,13.057,13.598000000000004,0.897,0.6849999999999999,7.934,7.359,1.0252,25.387,21.946,21.504,22.295,2.111,1.877
"2022-01-21 - STL 5, SEA 0",STL,3.0,42.437,38.326,34.243,29.815,2.313,2.557,9.576,7.528,1.022,1.155,6.991,6.174,18.261000000000003,14.985,0.476,0.6300000000000001,10.379,7.643000000000001,13.278,12.839000000000002,0.8019999999999999,0.7789999999999999,7.57,7.127,1.0245,25.506,22.899,20.328,22.237,2.205,1.8090000000000004
"2022-01-23 - STL 3, VAN 1",STL,1.0,40.812,38.516,33.375,29.69400000000001,2.212,2.577,8.514,7.656999999999999,0.918,1.17,6.468999999999999,6.153,18.191,14.898999999999996,0.476,0.6300000000000001,10.622,7.483000000000001,12.756,12.760000000000002,0.8019999999999999,0.782,7.259,6.691,1.0313,24.937,21.337,20.378,21.713,2.0650000000000004,1.755
"2022-01-24 - STL 1, CGY 7",STL,0.0,41.364,37.42,33.846,28.805,2.018,2.685,8.825,7.474000000000001,0.918,1.17,6.343999999999999,6.076,17.982,14.047999999999998,0.476,0.7410000000000001,10.309,7.075999999999999,12.987,12.563,0.6130000000000001,0.782,7.795999999999999,6.801,1.0454,25.024,21.915,19.974,21.522,2.104,1.731
"2022-01-27 - CGY 1, STL 5",STL,2.0,45.132000000000005,35.176,37.027,27.097,2.3,2.503,9.654,6.798,1.009,0.989,6.908,5.584,19.156,13.549,0.565,0.741,10.552,6.789999999999999,14.454,11.79,0.711,0.782,8.646,6.481999999999999,1.0381,26.836,24.186,18.551,20.483,2.317,1.629
"2022-01-29 - WPG 4, STL 1",STL,1.0,46.544,34.332,38.238,26.68,2.125,2.354,10.291,6.648999999999999,1.009,1.0850000000000002,7.419,5.346,18.868,12.765,0.394,0.419,9.885,6.3870000000000005,15.756,11.738,0.711,0.858,9.432,6.540000000000001,1.0466000000000002,27.324,26.131,18.324,20.098000000000003,2.478,1.595
"2022-02-10 - NJ 7, STL 4",STL,11.0,45.349,34.024,37.525,26.445,2.0460000000000003,2.246,10.628,6.546000000000001,1.018,0.977,7.405000000000001,4.897,17.934,12.888,0.394,0.419,8.93,6.615,15.38,11.68,0.619,0.858,8.918,6.7010000000000005,1.0383,25.846,26.076,18.185,19.79,2.451,1.568
"2022-02-12 - CHI 1, STL 5",STL,1.0,45.903000000000006,34.282,37.53,26.654,2.362,2.144,10.811,6.297000000000001,1.126,0.97,7.608999999999999,4.764,19.363000000000003,13.834,0.499,0.407,9.204,6.88,14.738,12.13,0.724,0.7699999999999999,8.232,6.678999999999999,1.0188,25.736,25.59,18.383000000000003,19.894,2.458,1.54
"2022-02-15 - STL 5, OTT 2",STL,2.0,45.357,36.377,36.373000000000005,27.77,2.256,2.54,10.642,6.661,1.02,1.263,7.1530000000000005,4.827,19.046,14.834,0.499,0.407,8.956999999999999,7.428,14.326999999999998,12.973000000000004,0.724,0.8639999999999999,7.991,6.651999999999999,1.038,24.97,25.027,19.533,20.584,2.3600000000000003,1.609
"2022-02-17 - STL 2, MTL 3",STL,1.0,44.379,38.922,35.256,29.933,2.245,2.769,9.638000000000002,7.493,0.914,1.371,6.193,5.205,18.854,16.162,0.499,0.407,8.918,7.846999999999999,14.228,13.031,0.827,0.977,7.900999999999999,6.9510000000000005,1.0414,23.979,23.935,20.410000000000004,21.775,2.202,1.822
"2022-02-19 - STL 6, TOR 3",STL,1.0,43.277,38.829,33.401,29.974,1.813,2.406,9.354,7.295,0.907,0.998,5.936,4.979,18.058,16.429,0.288,0.512,8.346,8.358,13.699000000000002,13.254,0.6180000000000001,0.881,6.825999999999999,7.211,1.0305,22.088,23.098000000000003,20.439,21.945,2.06,1.819
"2022-02-22 - STL 4, PHI 1",STL,2.0,44.447,39.946000000000005,34.02,30.862,1.7779999999999998,2.551,8.661,7.400999999999999,0.589,1.223,5.348000000000001,5.252,19.457,16.443,0.465,0.311,8.984,7.967,14.31,14.233,0.714,0.995,7.533999999999999,8.006,1.034,22.754,23.042,21.506,22.858,1.9699999999999995,1.876
"2022-02-25 - BUF 3, STL 5",STL,2.0,44.853,41.483,34.709,31.803,1.87,2.5490000000000004,8.851,8.014999999999999,0.589,1.326,5.541,5.641,19.341,17.397,0.554,0.311,8.738,7.935,14.703,14.071000000000002,0.7140000000000001,0.898,7.815,7.772,1.0292,23.135,23.627,21.955,22.956,2.054,2.016
"2022-02-27 - STL 4, CHI 0",STL,1.0,44.652,41.877,34.576,31.805,1.983,2.623,8.812999999999999,8.019,0.702,1.413,5.8020000000000005,5.573,19.03,17.628999999999998,0.554,0.1999999999999999,8.843,7.888,15.089000000000002,14.389,0.7140000000000001,0.993,7.603,7.75,1.0341,23.405,23.953,22.272,22.639000000000003,2.009,2.032
"2022-03-02 - STL 3, NYR 5",STL,2.0,41.007,43.75,31.192,33.201,1.4979999999999998,2.839,7.441,8.844999999999999,0.51,1.63,4.724,6.084,17.474,18.059,0.465,0.2,8.711,8.395,14.175999999999998,14.843,0.514,0.993,7.087000000000001,7.925,1.0503,21.727,21.708,23.52,23.865,1.73,2.188
"2022-03-05 - STL 1, NYI 2",STL,2.0,41.032,45.177,31.41,33.164,1.6829999999999998,2.761,7.42,9.581,0.703,1.743,4.642,6.795999999999999,17.322,18.129,0.371,0.2,8.956999999999999,8.205000000000002,14.352,15.381,0.6100000000000001,0.8150000000000001,7.066,7.831,1.0379,21.902,21.846,24.841,24.159,1.717,2.252
"2022-03-06 - STL 2, NJ 3",STL,0.0,40.493,46.054,30.107,33.426,1.5699999999999998,2.761,6.754,8.981,0.602,1.743,4.309,6.548,17.221,18.645,0.466,0.2,9.109,8.430000000000001,14.517,16.363,0.505,0.8150000000000001,6.735000000000001,8.547,1.042,21.379,21.318,25.268,24.592,1.612,2.226
"2022-03-08 - OTT 4, STL 1",STL,1.0,40.378,45.909000000000006,30.581,33.523,1.341,2.682,6.503,9.072,0.4939999999999999,1.7520000000000002,4.168,6.412999999999999,16.529,19.061,0.361,0.105,8.878,8.305,15.578,15.876,0.484,0.8140000000000001,7.598000000000001,8.472,1.0514,21.775,22.09,24.894,24.247,1.654,2.221
"2022-03-10 - NYR 2, STL 6",STL,1.0,43.623000000000005,43.576,32.948,32.32000000000001,1.449,2.378,7.249,8.685,0.4939999999999999,1.459,4.859999999999999,6.241,17.353,18.198,0.4720000000000001,0.105,9.258,7.991,17.377,14.973,0.484,0.8160000000000001,7.761000000000001,8.119,1.0381,23.055,24.584,23.68,23.317,1.823,2.1740000000000004
"2022-03-12 - STL 7, NSH 4",STL,1.0,44.369,42.032,33.633,31.199,1.354,2.547,8.151,8.578,0.4939999999999999,1.641,5.636,6.494,17.562,17.374,0.4720000000000001,0.211,9.34,7.788000000000001,17.3,14.394,0.3809999999999999,0.705,7.389999999999999,7.476000000000001,1.0524,23.528,25.422,22.994,22.963,1.934,2.057
"2022-03-13 - WPG 4, STL 3",STL,0.0,44.65,43.03,34.577,32.135000000000005,1.444,2.76,8.684,9.471,0.583,1.747,6.267,7.27,18.048,17.943,0.4720000000000001,0.322,9.421,8.022,16.770000000000003,13.711000000000002,0.3809999999999999,0.705,7.563,6.978,1.0585,24.514,25.455,23.172,23.464,2.034,2.137
"2022-03-17 - PIT 3, STL 2",STL,3.0,44.916,42.959,34.817,31.9,1.472,2.322,8.337,9.644000000000002,0.785,1.523,6.242,7.165000000000001,17.406,18.023,0.295,0.322,8.898,8.189000000000002,17.735999999999997,13.174,0.3899999999999999,0.497,8.094,6.283,1.0449,24.486,26.075,22.835,22.711,2.1740000000000004,2.0900000000000003
"2022-03-19 - STL 4, CBJ 5",STL,1.0,46.97,39.1,36.135,29.466,1.593,2.298,9.103,8.642,0.785,1.496,6.842999999999999,6.639,17.371,16.197,0.422,0.322,8.711,7.633000000000001,19.138,12.609,0.3899999999999999,0.497,8.879000000000001,6.222,1.0482,25.419,28.213,21.295,21.55,2.2960000000000003,1.871
"2022-03-22 - STL 5, WSH 2",STL,2.0,45.784000000000006,40.359,35.656,30.468,1.777,2.116,8.355,8.278,0.771,1.412,6.420999999999999,6.262,17.848,18.083,0.422,0.322,8.411999999999999,8.512,18.232000000000003,12.096,0.578,0.4019999999999999,8.753000000000002,6.226000000000001,1.021,24.481,26.541,20.44,22.282,2.211,1.799
"2022-03-24 - PHI 5, STL 2",STL,1.0,45.355,41.394,35.232,31.014,1.871,2.108,8.617999999999999,8.019000000000002,0.771,1.404,6.224,5.998,17.224,18.907,0.422,0.322,7.956,9.232,18.19,12.713,0.6729999999999999,0.4019999999999999,8.579,6.097,1.0147,23.745,26.754,20.802,22.485000000000003,2.2220000000000004,1.794
"2022-03-26 - CAR 7, STL 2",STL,1.0,44.351,39.771,34.254000000000005,30.757,2.014,1.895,8.655000000000001,7.77,0.794,1.1949999999999998,6.083,5.621,16.325,17.816000000000003,0.527,0.322,7.83,8.695,17.991,12.562,0.6809999999999999,0.399,8.781,6.295,1.0015,23.682,26.572,20.428,21.693,2.2,1.7899999999999998
"2022-03-28 - VAN 1, STL 4",STL,1.0,44.941,38.936,35.527,31.285999999999994,2.241,1.895,9.293,8.058000000000002,0.903,1.1949999999999998,6.694,5.926,16.29,17.129,0.432,0.322,8.084999999999999,8.649000000000001,17.775,12.297999999999998,0.882,0.399,8.915000000000001,6.017,0.9956,24.794,27.011000000000003,20.425,21.754,2.287,1.842
"2022-03-30 - STL 4, VAN 3",STL,1.0,45.635000000000005,39.511,35.67,31.798,2.148,1.984,10.099,8.225000000000001,0.903,1.285,6.994,6.32,16.141,16.036,0.432,0.322,8.218,8.648,17.066,12.707,0.7929999999999999,0.3909999999999999,8.615,6.2330000000000005,0.9995999999999998,24.93,27.173,20.957,22.5,2.4,1.884
"2022-04-01 - STL 5, EDM 6",STL,1.0,44.238,40.239,34.534,32.022000000000006,2.3240000000000003,2.101,9.203,8.887,1.09,1.393,6.272,6.934,17.028,15.751,0.321,0.416,8.753,8.245000000000001,15.321000000000002,12.793,0.8879999999999999,0.295,8.139,6.398,0.9935,24.214,24.572,21.665,22.954,2.247,1.949
"2022-04-02 - STL 6, CGY 4",STL,0.0,46.294,40.326,36.119,31.94,2.71,2.117,9.723,9.269,1.285,1.511,6.622999999999999,7.092999999999999,17.679000000000002,15.511,0.321,0.31,9.32,8.215,15.493,13.047999999999998,1.0779999999999998,0.299,8.667000000000002,6.574,0.9821,25.707,25.231,22.343,23.075,2.351,1.982
"2022-04-04 - ARI 1, STL 5",STL,1.0,47.999,40.17,37.254000000000005,31.593999999999998,2.805,2.115,10.275,8.706999999999999,1.286,1.6170000000000002,6.725,6.646000000000001,18.805,15.301999999999998,0.321,0.094,10.182,7.805,15.685,13.787,1.173,0.404,8.682,6.981,0.9828,26.503,25.981,22.529000000000003,22.728,2.493,1.985
"2022-04-06 - SEA 1, STL 4",STL,1.0,45.582,40.881,35.3,31.95800000000001,2.597,2.314,10.246,8.850999999999999,1.186,1.6170000000000002,6.795999999999999,6.772,17.832,15.404,0.321,0.2,9.474,7.863999999999999,14.204000000000002,14.727,1.068,0.504,7.927000000000001,7.117,0.9956,25.378,24.458,23.573,22.735000000000003,2.3199999999999994,2.084
"2022-04-08 - MIN 3, STL 4",STL,1.0,44.141,42.653000000000006,34.690000000000005,33.516,2.4850000000000003,2.325,10.039,9.119000000000002,1.2899999999999998,1.531,6.619,7.035000000000001,18.149,16.221,0.105,0.2,9.62,8.317,12.905,15.407,1.068,0.5980000000000001,7.372,7.640000000000001,0.9919,24.801,22.973000000000003,24.503,23.921,2.297,2.206
"2022-04-09 - NYI 1, STL 6",STL,0.0,45.91,42.307,35.417,32.724000000000004,2.408,2.411,10.421,9.454,1.3039999999999998,1.519,6.876,7.388,18.792,14.862,0.216,0.2,10.442000000000002,7.8,13.489,16.15,0.8800000000000001,0.701,7.620999999999999,8.009,1.0049,26.007,23.936,25.572,23.899,2.367,2.216
"2022-04-12 - STL 4, BOS 2",STL,2.0,46.116,41.754,36.001,32.876,2.414,2.688,10.001,9.108,1.3039999999999998,1.499,7.001,7.27,19.759,13.925,0.31,0.2,11.073000000000002,6.659999999999999,13.582999999999998,16.689,0.7849999999999999,0.994,7.336,8.726,1.0181999999999998,26.241000000000003,23.648000000000003,25.722,23.508000000000003,2.378,2.227
"2022-04-14 - STL 6, BUF 2",STL,1.0,47.98,41.034,37.278,32.311,2.172,2.912,9.677,8.959,1.182,1.605,6.933999999999999,7.462999999999999,21.197,14.468,0.294,0.2,11.697,7.318,13.853,15.691,0.6809999999999999,1.1,7.426,8.129000000000001,1.0416,27.338,23.616000000000003,24.524,23.762,2.388,2.155
"2022-04-16 - MIN 5, STL 6",STL,1.0,49.75,40.85,38.875,31.855,2.038,3.2300000000000004,10.218,9.908,1.073,1.8200000000000005,7.247,8.157,22.317,13.970000000000002,0.294,0.2,11.997,6.93,13.924,14.576,0.671,1.205,7.729000000000001,7.631,1.0631,28.187,24.285000000000004,24.315,23.793,2.501,2.236
"2022-04-17 - STL 8, NSH 3",STL,0.0,48.56,40.327,38.040000000000006,30.942,2.342,3.225,9.748,10.088,1.073,1.914,7.066000000000001,8.234,21.203,13.728,0.388,0.2,11.603,6.898999999999999,14.256,14.036,0.885,1.111,7.933,7.128,1.0521,27.777,24.16,23.982000000000003,23.317,2.4159999999999995,2.227
"2022-04-19 - BOS 3, STL 2",STL,1.0,49.083,41.506,39.195,32.158,2.336,3.767,10.102,9.364999999999998,0.98,2.021,7.525,7.734,21.063,14.956,0.388,0.106,11.486999999999998,7.752000000000001,14.856,14.669,0.982,1.624,8.655000000000001,8.042,1.0695,28.827,25.117,23.891,24.532,2.479,2.247
"2022-04-21 - STL 3, SJ 1",STL,1.0,48.868,40.604,39.067,31.252,2.157,3.353,9.572,8.639,0.891,1.705,7.1530000000000005,7.039,21.272,14.912,0.388,0.106,11.265,7.600999999999999,15.386,14.326,0.898,1.5219999999999998,9.107,7.839000000000001,1.0617,28.681,25.131,22.787,23.425,2.418,2.131
"2022-04-23 - STL 5, ARI 4",STL,1.0,45.0,39.352,36.14,30.509,1.972,3.137,8.101,8.0,0.7070000000000001,1.493,6.1240000000000006,6.406000000000001,19.859,15.482000000000005,0.388,0.106,10.493,7.922,15.170000000000002,13.880999999999997,0.898,1.523,8.712,7.523000000000001,1.0549000000000002,26.556,23.431,21.717,22.802,2.124,2.001
"2022-04-24 - STL 6, ANA 3",STL,0.0,44.532,39.426,36.106,30.716999999999995,2.243,3.162,8.449,8.613,0.8789999999999999,1.614,6.492,7.089,20.023000000000003,15.814000000000002,0.388,0.105,10.726,8.072000000000001,14.450000000000005,13.073000000000002,0.994,1.423,8.014,7.340999999999999,1.0361,26.226,23.058,21.53,23.419,2.131,2.06
"2022-04-26 - STL 3, COL 5",STL,1.0,43.122,41.489,34.814,32.154,2.427,3.593,8.052000000000001,9.538,0.869,1.722,6.148,7.778,19.077,16.564,0.4939999999999999,0.328,10.28,8.559999999999999,14.119,13.666,1.09,1.535,7.968999999999999,7.279000000000001,1.0321000000000002,25.293,22.323,23.058,24.378,2.025,2.242
"2022-04-29 - VGK 7, STL 4",STL,2.0,44.647000000000006,41.265,36.085,32.193,2.503,3.506,8.169,9.404,0.857,1.732,5.98,7.720000000000001,19.924,17.188,0.584,0.328,10.329,8.826,14.173000000000002,12.731,1.09,1.432,7.936,6.817,1.0258,25.231,22.485000000000003,21.989,24.227,2.043,2.282
"2022-10-15 - CBJ 2, STL 5",STL,,,,,,,,,,,,,,,,,,,,,,,,,,,,,,,,
"2022-10-19 - STL 4, SEA 3",STL,3.0,,,,,,,,,,,,,,,,,,,,,,,,,,,,,,,
"2022-10-22 - STL 2, EDM 0",STL,2.0,,,,,,,,,,,,,,,,,,,,,,,,,,,,,,,
"2022-10-24 - STL 0, WPG 4",STL,1.0,,,,,,,,,,,,,,,,,,,,,,,,,,,,,,,
"2022-10-26 - EDM 3, STL 1",STL,1.0,,,,,,,,,,,,,,,,,,,,,,,,,,,,,,,
"2022-10-27 - STL 2, NSH 6",STL,0.0,,,,,,,,,,,,,,,,,,,,,,,,,,,,,,,
"2022-10-29 - MTL 7, STL 4",STL,1.0,,,,,,,,,,,,,,,,,,,,,,,,,,,,,,,
"2022-10-31 - LA 5, STL 1",STL,1.0,,,,,,,,,,,,,,,,,,,,,,,,,,,,,,,
"2022-11-03 - NYI 5, STL 2",STL,2.0,,,,,,,,,,,,,,,,,,,,,,,,,,,,,,,
"2022-11-07 - STL 1, BOS 3",STL,3.0,,,,,,,,,,,,,,,,,,,,,,,,,,,,,,,
"2022-11-08 - STL 1, PHI 5",STL,0.0,50.281,39.763,36.995,32.295,2.513,1.292,9.617,8.139,1.6330000000000002,0.7,6.731,5.173,22.385,17.392000000000003,0.402,0.0,10.995,8.931000000000001,16.328,12.354,0.503,0.5810000000000001,7.871,7.205,0.9607,26.241000000000003,25.963,20.529,22.649,2.3440000000000003,2.065
"2022-11-10 - SJ 3, STL 5",STL,1.0,51.606,40.365,38.659,32.658,2.701,1.001,9.768,8.195,1.7200000000000002,0.7,6.717999999999999,4.996,23.179,18.074,0.402,0.0,11.566,8.611,15.728,12.1,0.591,0.3,7.65,7.506,0.9435,27.201,25.471,20.393,22.636000000000003,2.348,2.071
"2022-11-12 - STL 3, VGK 2",STL,1.0,51.116,42.035,38.062,33.949,2.724,0.965,10.224,8.079,2.023,0.4859999999999999,7.006,4.933,23.055,20.032000000000004,0.313,0.189,10.945000000000002,8.989,16.04,12.688,0.392,0.29,7.848999999999999,7.325,0.9394,27.03,26.236,20.846,22.979,2.358,2.147
"2022-11-14 - STL 3, COL 2",STL,1.0,51.895,41.998000000000005,38.996,33.108,2.818,1.277,10.247,8.129,2.023,0.587,7.018000000000001,5.101,23.998,18.728,0.408,0.189,11.995,8.54,15.37,13.559,0.392,0.5,7.763,7.705999999999999,0.9524,28.008,25.569,21.791,22.934,2.3600000000000003,2.145
"2022-11-16 - STL 5, CHI 2",STL,1.0,52.533,42.609,39.518,34.243,2.62,1.484,9.822,8.912,1.832,0.688,6.396,6.186,25.22,18.772,0.3969999999999999,0.294,13.053999999999998,8.989999999999998,15.43,13.199000000000002,0.392,0.5,7.523000000000001,7.532000000000001,0.9636,28.048,25.223000000000003,22.188,24.404000000000003,2.294,2.222
"2022-11-17 - WSH 4, STL 5",STL,0.0,50.586,43.773,38.59,34.893,2.504,1.91,9.453,9.936,1.713,0.903,5.988,7.095000000000001,24.045,18.498,0.3969999999999999,0.294,13.126,8.963000000000001,14.986,13.622,0.392,0.709,7.140000000000001,7.552,0.9795,27.43200000000001,24.444,23.592,25.152,2.213,2.371
"2022-11-19 - ANA 2, STL 6",STL,1.0,50.524,42.771,38.96,33.56699999999999,2.328,2.096,10.084,9.617,1.532,0.995,6.9,7.089,23.148,18.793,0.3019999999999999,0.294,12.314000000000002,8.926,15.304000000000002,12.856,0.4979999999999999,0.8039999999999999,7.029999999999999,6.840999999999999,0.9984,27.586,25.433,22.485,24.184,2.233,2.273
"2022-11-21 - ANA 1, STL 3",STL,1.0,51.624,42.81400000000001,38.834,33.437,1.913,2.398,10.139,9.41,1.22,0.903,6.856,7.429,23.699,17.857,0.3019999999999999,0.294,12.195,8.674000000000001,15.485,13.936000000000002,0.3939999999999999,1.193,7.372999999999999,7.281000000000001,1.0297,27.751000000000005,25.716,23.304,24.935,2.164,2.251
"2022-11-23 - STL 2, BUF 6",STL,1.0,50.048,43.903000000000006,37.024,34.312,1.693,2.4,10.146,10.181,1.106,0.906,6.877,8.194,21.172,17.64,0.19,0.294,11.656,8.440999999999999,15.247,13.943,0.3939999999999999,1.193,7.237,7.029000000000001,1.0354,27.223000000000003,25.505000000000003,24.071,25.551,2.168,2.367
"2022-11-25 - STL 2, TB 5",STL,1.0,50.272,44.145,36.936,34.059000000000005,1.767,2.406,10.379,10.486,0.8880000000000001,1.008,6.43,8.751999999999999,20.724,16.708000000000002,0.3909999999999999,0.294,11.617,8.033,15.347,15.035,0.489,1.098,7.542999999999999,7.241999999999999,1.0327,27.274,25.838,25.495,25.765,2.115,2.388
"2022-11-26 - STL 5, FLA 4",STL,0.0,50.388,44.718,37.701,34.195,1.96,2.406,10.614999999999998,10.463,1.081,0.907,6.544,8.834,20.207,16.216,0.3909999999999999,0.294,11.017,7.956999999999999,15.254,15.992,0.489,1.2,7.762,7.516,1.0239,27.129,25.975,26.478,26.044,2.18,2.381
"2022-11-28 - DAL 4, STL 1",STL,1.0,49.792,43.724,37.198,33.949,1.861,2.709,11.366,10.618,0.984,1.009,7.385,9.403,19.816,15.550999999999998,0.497,0.388,10.901,8.356,15.115,15.274,0.3929999999999999,1.308,7.586,7.506,1.0365,27.197,26.6,25.894,26.812,2.291,2.329
"2022-12-01 - CAR 6, STL 4",STL,2.0,50.007,42.496,36.438,32.86,1.879,2.521,10.905,10.721,0.897,1.102,7.132,9.535,19.162,14.375,0.497,0.199,10.739,8.522,15.395,14.080000000000002,0.4979999999999999,1.213,7.222999999999999,6.715999999999999,1.0274,26.562,26.383,24.849,26.135,2.203,2.254
"2022-12-03 - STL 2, PIT 6",STL,1.0,49.586,41.246,37.049,33.043,2.097,2.3080000000000003,11.458,10.356,0.897,1.001,7.824,9.188,17.791,14.514999999999995,0.5069999999999999,0.199,9.803,8.971,16.288,13.312,0.709,1.097,7.686,6.397,1.0094999999999998,26.786,27.81,23.705,26.157,2.345,2.219
"2022-12-05 - STL 4, NYR 6",STL,1.0,48.93300000000001,39.241,36.341,30.812,2.2950000000000004,2.303,11.847,9.226,0.991,1.002,7.981,8.283000000000001,16.473000000000003,13.663,0.4119999999999999,0.187,8.709999999999999,8.143,16.707,13.467000000000002,0.901,1.097,7.964,6.353,1.0072,26.064,28.582,22.773,24.352,2.4080000000000004,2.078
"2022-12-06 - STL 7, NYI 4",STL,0.0,48.672,38.38099999999999,36.112,29.644,2.575,2.185,11.611,8.794,1.086,1.095,8.017,7.742999999999999,16.54,13.781,0.5959999999999999,0.187,8.811000000000002,8.075999999999999,16.645,12.927,0.901,0.8879999999999999,8.18,6.096,0.9929,26.323,28.266,21.823,23.544,2.397,1.937
"2022-12-08 - WPG 5, STL 2",STL,1.0,47.835,39.913,35.233000000000004,31.156999999999996,2.557,2.425,11.907,9.875,1.1670000000000005,1.3239999999999998,8.175999999999998,8.129,16.671,13.580000000000002,0.5959999999999999,0.187,8.83,7.948,15.269000000000002,13.523,0.795,0.8969999999999999,7.771000000000001,6.758000000000001,0.996,26.056,27.176,23.488,24.469,2.43,2.13
"2022-12-11 - COL 3, STL 2",STL,2.0,47.654,39.725,35.17700000000001,30.452000000000005,2.875,2.117,11.669999999999998,9.474,1.273,1.319,8.022,7.712999999999999,16.305,14.384,0.708,0.187,8.857000000000001,8.174,15.968,13.065,0.899,0.604,7.755,6.561,0.9688,25.824,27.573,22.688,23.829,2.463,2.079
"2022-12-12 - NSH 0, STL 1",STL,0.0,47.83,39.79,35.441,30.809000000000005,2.88,2.023,11.393,8.59,1.172,1.225,7.954000000000001,6.73,16.743000000000002,15.372,0.708,0.187,8.643,9.116,16.038999999999998,13.270999999999995,1.004,0.604,7.877,7.027000000000001,0.9643,25.758,27.356,22.019,24.018,2.442,1.895
"2022-12-15 - STL 4, EDM 3",STL,2.0,47.589000000000006,38.587,34.819,29.02,2.492,1.923,11.14,7.867,1.074,1.1229999999999998,8.175999999999998,5.84,16.732,15.677,0.507,0.187,8.369,9.01,16.324,12.272000000000002,0.909,0.604,7.464,6.369,0.9762,25.168,27.401,20.245,22.392000000000003,2.452,1.738
"2022-12-16 - STL 5, CGY 2",STL,0.0,46.574,38.96,34.107000000000006,29.263000000000005,2.2990000000000004,2.025,11.303,8.190999999999999,0.98,1.1229999999999998,8.459,5.956,16.123,15.515,0.507,0.187,7.786,8.514,16.025,12.086000000000002,0.8150000000000001,0.71,7.341999999999999,6.488000000000001,0.9875,24.548,27.28,20.351000000000003,22.377,2.461,1.7909999999999997
"2022-12-19 - STL 5, VAN 1",STL,2.0,47.763,38.685,34.83,29.149,2.194,2.048,10.786,8.753,0.978,1.342,8.052,6.404000000000001,17.093,14.988,0.4009999999999999,0.093,7.805,8.11,16.561,12.287,0.82,0.606,7.639999999999999,6.038,0.9948,24.522,27.323,21.072,21.847,2.412,1.844
"2022-12-20 - STL 2, SEA 5",STL,0.0,45.423,38.895,34.523,29.401,1.9650000000000003,2.273,10.908,8.841000000000001,0.8539999999999999,1.355,7.976000000000001,6.311999999999999,16.538999999999998,14.921,0.4009999999999999,0.093,7.903,7.649000000000001,14.763,12.68,0.7150000000000001,0.8150000000000001,7.242,6.587000000000001,1.0139,24.234,25.684999999999995,21.521,21.922,2.406,1.81
"2022-12-23 - STL 4, VGK 5",STL,2.0,45.697,39.975,34.84,29.42,2.044,2.274,10.813,9.369000000000002,1.144,1.355,7.718999999999999,6.722999999999999,16.936,15.046,0.296,0.093,7.853999999999999,7.049,14.316,13.227,0.604,0.8210000000000001,7.215000000000001,6.488,1.0129,24.026,25.133000000000003,22.625,21.3,2.385,1.862
"2022-12-27 - TOR 5, STL 4",STL,3.0,43.44,40.933,33.178999999999995,30.146,2.0330000000000004,2.384,10.621,9.532,1.238,1.359,8.045,6.667,15.928999999999998,15.785000000000002,0.385,0.105,7.457000000000001,7.867,13.156,13.399,0.412,0.927,6.4670000000000005,6.422,1.0116,23.204,23.824,22.923,21.826,2.366,1.943
"2022-12-29 - CHI 1, STL 3",STL,1.0,45.176,41.228,35.128,30.364,1.975,2.3560000000000003,11.550999999999998,9.042,1.262,1.0509999999999995,8.639,6.220000000000001,16.211,15.732,0.201,0.194,7.275,7.799000000000001,13.595,14.391,0.517,1.126,6.733,6.76,1.0203,24.082,25.193,23.433,21.462,2.519,1.909
"2022-12-31 - MIN 5, STL 2",STL,1.0,43.464,40.416,33.534000000000006,29.538000000000004,1.791,2.0130000000000003,10.197,7.928,1.079,0.718,7.527000000000001,5.706,15.979,16.046,0.201,0.194,7.045,7.669999999999999,13.834,14.339999999999998,0.517,1.1169999999999998,6.687,6.873,1.0143,22.486,24.056,22.281,21.057,2.307,1.7799999999999998
"2023-01-03 - STL 6, TOR 5",STL,2.0,44.597,40.57,34.982,30.216,1.893,2.017,10.608,8.333000000000002,1.0790000000000002,0.721,8.059,5.849,16.686,16.656,0.194,0.194,7.356,7.871,13.559,13.544,0.623,1.117,6.901000000000001,6.35,1.02,23.851,24.192,21.881,20.912,2.434,1.834
"2023-01-05 - STL 5, NJ 3",STL,1.0,45.141000000000005,40.55,35.318,29.815,2.1670000000000003,2.232,10.563,8.873000000000001,1.265,0.829,7.839999999999999,6.215000000000001,16.908,15.856,0.282,0.194,7.426,7.475,14.145,13.774,0.6210000000000001,1.221,7.031000000000001,6.236,1.0152,23.644,24.744,22.614,20.692,2.45,1.976
"2023-01-07 - STL 4, MTL 5",STL,1.0,45.802,39.456,35.916000000000004,29.44,2.354,2.544,10.206,8.726,1.451,0.935,7.557,6.142,18.475,14.735,0.282,0.194,7.671000000000001,6.888,13.877,13.756,0.6210000000000001,1.432,7.368,6.664,1.0327,24.036,24.131,22.462,20.559,2.398,1.987
"2023-01-08 - STL 3, MIN 0",STL,0.0,44.675,38.914,34.864,29.451,2.628,2.653,9.847,8.443999999999999,1.632,1.248,7.406000000000001,6.167,17.97,15.002,0.371,0.194,7.814,7.229000000000001,13.646,13.591,0.6210000000000001,1.224,7.366000000000001,6.381,1.0242999999999998,24.032,23.553,22.002,20.365,2.291,1.983
"2023-01-10 - CGY 3, STL 4",STL,1.0,44.059,38.575,33.626,28.995,2.441,2.335,9.403,7.329000000000001,1.54,0.927,6.947,5.054,17.712,15.782,0.371,0.194,7.752000000000001,7.779000000000001,13.089000000000002,13.252,0.518,1.2239999999999998,6.714,6.376,1.0171,22.943,22.555,20.561,19.915,2.2,1.8700000000000003
"2023-01-12 - CGY 4, STL 1",STL,1.0,46.127,37.924,34.822,28.752,2.663,2.2020000000000004,9.293,7.442,1.763,0.914,6.903999999999999,5.242,19.268,15.178999999999998,0.371,0.194,8.571000000000002,7.749,13.483,12.965,0.518,1.111,6.8,6.203,1.0046,23.819,22.802,20.415,20.013,2.246,1.885
"2023-01-14 - TB 4, STL 2",STL,1.0,47.295,37.508,35.288,28.95,2.591,2.194,9.512,6.914,1.687,0.914,6.962999999999999,4.831,20.187,15.172,0.371,0.194,9.264,8.233,13.597,12.867,0.523,1.1069999999999998,7.123,6.385,1.0073,24.768,23.15,19.76,20.498,2.262,1.85
"2023-01-16 - OTT 1, STL 2",STL,1.0,50.242,36.395,37.205,28.306,2.6260000000000003,2.071,9.507,6.797,1.607,0.808,6.714999999999999,4.951,23.457,15.098000000000004,0.3929999999999999,0.089,9.846,7.625,14.592,12.426,0.6290000000000001,1.199,7.58,6.335,1.0067,25.623,24.107,19.217,20.058,2.332,1.7879999999999998
"2023-01-19 - NSH 2, STL 5",STL,2.0,49.296,36.635,36.289,27.724,2.41,1.984,9.115,6.8420000000000005,1.499,1.001,6.544999999999999,4.976999999999999,23.892,16.081,0.3929999999999999,0.0,10.359,7.644999999999999,13.761,11.601,0.524,1.0,6.933,5.982,1.0113,25.309,22.902,18.418,19.763,2.264,1.782
"2023-01-21 - CHI 5, STL 3",STL,1.0,48.667,37.799,36.553,28.769,2.511,2.182,9.312,7.239,1.6,1.1949999999999998,6.75,5.19,23.214,16.116999999999997,0.3929999999999999,0.095,10.259,7.973000000000001,13.832999999999998,12.116,0.524,0.905,6.932,5.982000000000001,1.0109,25.403,23.179,19.326,20.293,2.335,1.85
"2023-01-24 - BUF 5, STL 3",STL,2.0,46.29600000000001,37.487,34.526,28.258,2.514,2.182,8.809,7.184,1.6009999999999998,1.1919999999999995,6.234,5.311,22.336,15.601,0.288,0.095,9.777,7.664999999999999,13.103,12.136,0.62,0.912,6.513,6.144,0.9973,23.898,21.955,19.301,20.352,2.179,1.804
"2023-01-26 - STL 0, ARI 5",STL,1.0,45.398,36.258,34.294999999999995,27.837,2.56,2.246,9.247,6.51,1.7399999999999998,1.175,6.629,5.0,21.346,15.32,0.2,0.095,9.665,7.656000000000001,12.478,11.923,0.622,1.007,6.721000000000001,6.223000000000001,1.0037,24.484,21.741,18.465,20.184,2.166,1.6789999999999998
"2023-01-28 - STL 2, COL 4",STL,1.0,44.542,38.404,33.955,29.315999999999995,2.764,1.9340000000000004,9.876,6.706,1.941,1.069,7.351999999999999,5.299,19.401,16.87,0.2,0.095,9.444,8.415000000000001,12.131,12.321,0.622,0.7959999999999999,6.273,6.204,0.9694,24.475,22.005,19.092,21.336,2.2030000000000003,1.6809999999999998
"2023-01-30 - STL 2, WPG 4",STL,1.0,46.896,38.736,35.55499999999999,29.286,2.6830000000000003,1.723,10.056,7.259,1.854,0.86,7.211999999999999,5.45,21.098,16.535999999999998,0.111,0.095,10.181,8.336,12.863,12.228,0.72,0.7959999999999999,6.597,6.171,0.9677,25.371,22.888,19.561,21.56,2.287,1.658
"2023-02-11 - ARI 5, STL 6",STL,11.0,46.155,38.961,35.51199999999999,29.285,2.9650000000000003,1.723,10.435,7.572,1.946,0.968,7.412999999999999,5.872000000000001,20.784,16.422000000000004,0.206,0.095,10.534,8.063999999999998,12.833000000000002,12.283,0.8230000000000001,0.692,6.795,6.158,0.9571,25.84,23.224,19.942,21.694,2.358,1.6659999999999997
"2023-02-14 - FLA 2, STL 6",STL,2.0,44.616,39.684,33.767,29.316000000000003,2.857,2.015,9.669,7.114,1.737,1.066,7.100999999999999,5.505,20.3,17.137,0.3,0.095,10.382,8.324,12.724,12.941,0.8230000000000001,0.891,6.678,6.347,0.972,25.047,22.358,20.136,21.56,2.224,1.6599999999999997
"2023-02-16 - NJ 2, STL 4",STL,1.0,43.182,41.051,32.25599999999999,30.7,2.739,2.319,9.539,7.665999999999999,1.625,1.26,7.306999999999999,5.744999999999999,19.23,17.51,0.394,0.095,9.605,8.552,12.65,13.485,0.718,0.987,5.93,6.797,0.9821,23.706,22.18,21.207,22.406,2.148,1.704
"2023-02-18 - COL 4, STL 1",STL,1.0,42.851,43.434000000000005,32.092,32.331,2.626,2.418,9.462,8.175,1.722,1.448,7.446,5.873,17.538,17.484,0.283,0.095,9.483,8.883,13.069,14.338,0.6119999999999999,0.883,6.292,7.209,0.9865,23.974,22.578,22.548,23.476,2.156,1.819
"2023-02-19 - STL 2, OTT 7",STL,0.0,43.715,41.656,32.546,31.791,2.7380000000000004,2.3200000000000003,9.222,8.196,1.618,1.255,7.103999999999999,5.998,17.145000000000003,16.041,0.283,0.095,9.071,8.552,14.717,13.968,0.821,0.986,7.26,6.888999999999999,0.979,24.007,23.959,22.241,22.949,2.191,1.759
"2023-02-21 - STL 1, CAR 4",STL,1.0,44.17999999999999,40.78,32.866,30.774999999999995,3.228,2.134,9.302,7.834999999999999,2.099,1.0690000000000002,7.194999999999999,5.805,17.742,16.396,0.283,0.0,9.392,8.675999999999998,14.196000000000002,13.09,0.821,1.086,7.276999999999999,6.284000000000001,0.9537,24.561,23.494,21.043,22.382,2.139,1.648
"2023-02-23 - VAN 3, STL 2",STL,1.0,48.693,41.087,36.407,31.803000000000004,3.196,2.048,11.332,8.066,2.286,1.082,8.581,5.814,18.976,16.812,0.283,0.0,10.023,9.215,15.081,12.904,0.61,0.983,7.660000000000001,6.327,0.9658,26.773000000000003,26.397,21.06,22.981,2.518,1.6989999999999998
"2023-02-25 - PIT 3, STL 2",STL,1.0,50.031,40.516000000000005,37.25699999999999,30.553,2.7700000000000005,1.868,11.21,7.745,1.961,0.991,8.273,5.578,19.842,16.983,0.283,0.106,10.435,9.129,15.907999999999998,12.623,0.505,0.784,7.901000000000001,5.702,0.9785,27.118,27.152,20.41,21.933,2.598,1.63
"2023-02-28 - SEA 5, STL 3",STL,2.0,52.946000000000005,39.819,40.151,30.113000000000007,2.5859999999999994,2.055,11.458,8.078,1.6799999999999995,1.083,8.143,5.737,21.124,16.244999999999997,0.283,0.106,11.315,8.956999999999999,17.847,12.611999999999998,0.611,0.8789999999999999,8.828,5.581,0.9993,28.76,29.356,20.69,21.594,2.825,1.6669999999999998
"2023-03-02 - STL 6, SJ 3",STL,1.0,52.441,38.996,39.212,29.33900000000001,2.719,2.049,10.808000000000002,7.074,1.593,0.979,7.655000000000001,5.055000000000001,20.999,16.644,0.394,0.106,10.986,9.089,17.775,12.497,0.723,0.982,8.852,5.758,0.9902,28.081000000000007,28.639,19.556,21.117,2.706,1.579
"2023-03-04 - STL 2, LA 4",STL,1.0,51.92999999999999,38.847,38.553,29.414000000000005,2.63,2.256,10.827000000000002,7.415999999999999,1.501,0.8709999999999999,7.502,5.291,21.23,16.839,0.299,0.199,10.05,8.636000000000001,17.841,12.501,0.8089999999999999,1.191,8.977,6.065,1.0003,27.141,28.71,19.897,21.11,2.645,1.6629999999999998
"2023-03-07 - STL 2, ARI 6",STL,2.0,53.46,38.404,39.895,28.477,2.613,1.878,11.535,7.392999999999999,1.5829999999999995,0.7809999999999999,8.122000000000002,5.426,21.082,16.457,0.205,0.199,9.598,8.417,19.185,12.712,0.8089999999999999,0.8960000000000001,9.541,5.8100000000000005,0.9875,28.109,30.738,20.105,20.772,2.76,1.62
"2023-03-09 - SJ 2, STL 4",STL,1.0,52.226,38.501,39.236,28.349,2.9,1.689,11.036,8.040000000000001,1.867,0.796,7.845000000000001,6.239,21.098,16.722,0.111,0.199,9.611999999999998,8.85,18.57,11.745,0.909,0.704,9.555,5.196,0.9647,27.793,29.591999999999995,19.8,21.391,2.6979999999999995,1.634
"2023-03-11 - STL 5, CBJ 2",STL,1.0,50.836,36.76,38.195,27.137,2.904,1.682,11.042,7.953,1.6619999999999997,0.796,7.543000000000001,6.435,21.568,16.592,0.111,0.199,9.508,8.418000000000001,17.636,11.339,1.12,0.706,9.167,4.997,0.9652,27.037,28.631,19.316,20.666,2.635,1.609
"2023-03-12 - VGK 5, STL 3",STL,0.0,50.355,38.561,37.857,28.104000000000003,2.691,2.011,11.769,8.233,1.6619999999999997,1.117,8.127,6.694,21.501,17.276,0.111,0.199,9.689,8.447,16.165,12.205,0.911,0.708,8.447,5.583,0.9861,27.078,27.924,20.404,21.435,2.657,1.6949999999999998
"2023-03-15 - MIN 8, STL 5",STL,2.0,52.02,39.211,39.103,28.727,2.525,1.997,12.05,8.246,1.292,1.107,8.175,6.718000000000001,21.922,17.41,0.111,0.287,9.783,8.375,17.058,12.692,1.12,0.6079999999999999,9.095,5.848,0.9969,27.874,29.077000000000005,20.905,21.719,2.771,1.7599999999999998
"2023-03-17 - STL 5, WSH 2",STL,1.0,47.95700000000001,39.461,36.449,28.739,2.547,2.082,10.389,7.721999999999999,1.206,1.097,7.376,6.321,21.256,17.48,0.204,0.375,9.487,8.182,15.550999999999998,13.364,1.13,0.6079999999999999,8.487,6.401000000000001,0.9918,26.343,25.937,21.057,21.701,2.507,1.7419999999999998
"2023-03-19 - WPG 0, STL 3",STL,1.0,47.466,40.803,35.50000000000001,30.314000000000004,2.639,2.409,10.215,8.528,1.2970000000000002,1.311,7.359999999999999,7.013,21.234,18.026,0.204,0.381,9.314,8.440999999999999,14.804000000000002,13.344,1.13,0.712,8.026,6.744,0.9962,25.607,25.008,21.843,23.018,2.448,1.883
"2023-03-21 - DET 3, STL 2",STL,1.0,45.464,39.719,33.172000000000004,29.615,2.432,2.514,9.621,8.370999999999999,1.191,1.412,6.806,6.741,21.109,17.106,0.204,0.381,9.106,7.760000000000001,13.544999999999998,13.083000000000002,1.024,0.7150000000000001,7.477000000000001,7.078,1.0109,24.221,23.173,21.396,22.54,2.201,1.862
"2023-03-23 - STL 4, DET 3",STL,1.0,45.128,40.022,33.697,29.836,2.108,2.608,9.919,8.949000000000002,1.186,1.5059999999999998,7.109999999999999,7.225999999999999,20.719,17.305999999999997,0.093,0.476,9.332,7.696000000000001,13.351,12.755999999999998,0.8140000000000001,0.612,7.149000000000001,6.712000000000001,1.0331,24.613,23.297,21.644,22.53,2.244,1.932
"2023-03-25 - STL 6, ANA 3",STL,1.0,45.19,40.158,33.612,29.72,2.108,2.709,9.971,8.839,1.186,1.821,7.157000000000001,7.329000000000001,19.972,16.967,0.188,0.476,9.632,7.968999999999999,13.219,12.538,0.7190000000000001,0.403,6.934,6.304,1.0388,24.913,23.22,21.32,22.627,2.241,1.858
"2023-03-26 - STL 6, LA 7",STL,0.0,43.918,41.281,32.703,31.822000000000003,2.105,3.128,9.711,9.117,1.183,1.928,6.904000000000001,7.598999999999999,19.671,17.758000000000003,0.188,0.476,9.264,8.784,11.830000000000002,12.044999999999998,0.7190000000000001,0.718,6.214,6.853,1.0432,23.538000000000004,21.619,21.072,24.344,2.209,1.944
"2023-03-28 - VAN 5, STL 6",STL,1.0,45.285,39.823,34.416000000000004,29.931,1.81,3.223,10.251,7.944,0.797,1.821,6.936,6.460000000000001,21.096,18.032,0.283,0.5700000000000001,9.024,8.324000000000002,12.455,12.499,0.713,0.82,6.941,6.92,1.0703,24.092,22.769,20.417,22.727,2.316,1.829
"2023-03-30 - STL 5, CHI 3",STL,1.0,46.898,40.763,36.009,30.876,1.81,3.322,10.537,7.458999999999999,0.797,1.821,7.12,5.968000000000001,20.219,17.847,0.283,0.5700000000000001,8.95,8.428,13.763,13.334,0.71,0.914,7.517,7.822,1.0734,24.732,24.401,20.734,23.245,2.406,1.784
"2023-04-01 - STL 1, NSH 6",STL,1.0,47.289,40.789,36.394,31.253,1.905,3.325,9.968,7.65,0.89,1.714,6.541,5.831,21.26,18.134,0.283,0.5700000000000001,9.348,9.325,13.899,12.588,0.71,1.018,7.527000000000001,7.375999999999999,1.0665,24.556,23.964,20.201,23.67,2.332,1.7889999999999997
"2023-04-02 - BOS 4, STL 3",STL,0.0,48.259,39.341,36.989,29.987,1.7739999999999998,3.2380000000000004,9.808000000000002,7.511,0.874,1.622,6.3020000000000005,5.681,22.471,17.497,0.283,0.576,10.053999999999998,9.034,14.187,11.971,0.596,1.018,7.388,7.008,1.0703,24.638,24.078,19.448,22.675,2.293,1.715
"2023-04-04 - PHI 2, STL 4",STL,1.0,49.586,39.465,37.657,29.471000000000004,1.572,3.239,9.661,7.369,0.8789999999999999,1.7120000000000002,5.936999999999999,5.632,22.108,17.35,0.19,0.488,9.813999999999998,8.948,16.064,12.196000000000002,0.491,1.018,8.478,6.779999999999999,1.0817,25.158,25.77,19.557,22.437,2.293,1.6999999999999995
"2023-04-06 - NYR 2, STL 3",STL,1.0,49.773,41.046,38.648,30.438,1.682,3.105,9.497,7.071000000000001,0.994,1.498,5.916,5.148000000000001,22.258000000000003,17.836,0.19,0.376,10.032,9.386,16.805,13.563999999999998,0.491,1.201,8.812999999999999,7.435,1.0706,25.677000000000003,26.382,20.604000000000003,22.917,2.377,1.7069999999999996
"2023-04-08 - STL 3, MIN 5",STL,1.0,49.119,41.846,37.764,31.011000000000003,1.682,3.002,9.226,7.226999999999999,0.994,1.399,5.936,5.319,22.022,18.702,0.19,0.471,9.539,9.87,16.401000000000003,13.479000000000005,0.491,1.103,8.95,7.014999999999999,1.0625,25.315,25.684999999999995,20.703,23.129,2.349,1.7759999999999998
"2023-04-12 - DAL 5, STL 2",STL,3.0,48.893,44.142,37.172,33.071,1.6799999999999995,3.121,9.26,7.795999999999999,0.989,1.514,6.215999999999999,5.7620000000000005,21.65,18.94,0.19,0.376,9.182,10.211,16.417,14.887,0.491,1.2029999999999998,8.846999999999998,8.034,1.0593,24.944000000000003,25.714,22.701,25.007,2.379,1.943
"2023-04-13 - STL 0, DAL 1",STL,0.0,49.540000000000006,42.943,37.249,32.183,1.593,2.797,9.246,7.277000000000001,1.095,1.291,6.525999999999999,5.1530000000000005,21.542,18.263,0.095,0.283,9.25,9.899,17.428,14.957,0.3969999999999999,1.2029999999999998,9.02,8.094,1.0514,25.304,26.707,22.264000000000003,24.194,2.406,1.924
"2023-10-12 - STL 1, DAL 2",STL,,,,,,,,,,,,,,,,,,,,,,,,,,,,,,,,
"2023-10-14 - SEA 1, STL 2",STL,1.0,,,,,,,,,,,,,,,,,,,,,,,,,,,,,,,
"2023-10-19 - ARI 6, STL 2",STL,4.0,,,,,,,,,,,,,,,,,,,,,,,,,,,,,,,
"2023-10-21 - PIT 2, STL 4",STL,1.0,,,,,,,,,,,,,,,,,,,,,,,,,,,,,,,
"2023-10-24 - STL 2, WPG 4",STL,2.0,,,,,,,,,,,,,,,,,,,,,,,,,,,,,,,
"2023-10-26 - STL 3, CGY 0",STL,1.0,,,,,,,,,,,,,,,,,,,,,,,,,,,,,,,
"2023-10-27 - STL 0, VAN 5",STL,0.0,,,,,,,,,,,,,,,,,,,,,,,,,,,,,,,
"2023-11-01 - STL 1, COL 4",STL,4.0,,,,,,,,,,,,,,,,,,,,,,,,,,,,,,,
"2023-11-03 - NJ 1, STL 4",STL,1.0,,,,,,,,,,,,,,,,,,,,,,,,,,,,,,,
"2023-11-04 - MTL 3, STL 6",STL,0.0,,,,,,,,,,,,,,,,,,,,,,,,,,,,,,,
"2023-11-07 - WPG 5, STL 2",STL,2.0,54.477,38.944,39.784000000000006,29.084000000000003,1.795,1.5539999999999998,10.437,7.678,1.309,0.667,6.669,5.397,35.035000000000004,24.53,0.0,0.217,13.698,9.718,14.597,10.4,0.48,0.686,6.782000000000001,4.881,1.0077,27.868,25.022,18.112,20.738,2.31,1.7
"2023-11-09 - ARI 1, STL 2",STL,1.0,54.85,38.224,40.41,29.132,1.914,1.64,10.874,7.458,1.322,0.5660000000000001,6.909000000000001,5.329,35.396,24.819,0.111,0.305,13.945,9.706,15.003,10.224,0.48,0.789,7.034999999999999,4.828,1.0106,28.581,25.843,17.732999999999997,20.626,2.357,1.653
"2023-11-11 - STL 8, COL 2",STL,1.0,52.79600000000001,38.027,39.3,29.119,1.914,1.737,11.126,8.159,1.322,0.754,6.778999999999999,5.909,33.998,24.082,0.111,0.305,13.477,9.258,14.195,10.213,0.48,0.6930000000000001,6.404000000000001,4.661,1.0139999999999998,27.555,25.295,18.418,20.935,2.379,1.752
"2023-11-14 - TB 0, STL 5",STL,2.0,51.594,39.696000000000005,38.153000000000006,30.379,1.777,1.976,11.569,8.915000000000001,1.09,0.8800000000000001,6.737,6.758,32.924,24.108,0.199,0.305,12.787,9.945,13.121,10.784,0.48,0.792,5.851,5.168,1.0164,26.285000000000004,24.718,19.701,22.766,2.342,1.919
"2023-11-16 - STL 1, SJ 5",STL,1.0,50.842,40.757,37.248,30.945,1.575,1.981,11.685,9.526,0.8870000000000001,0.983,6.853999999999999,7.18,30.396,23.738,0.199,0.199,11.948,10.368,14.148,10.929,0.48,0.792,6.331,5.1770000000000005,1.0158999999999998,26.172000000000004,25.895,20.458,23.842,2.355,1.963
"2023-11-18 - STL 1, LA 5",STL,1.0,51.074,43.786,38.203,32.686,1.873,2.081,12.113,9.804,0.985,1.085,7.289999999999999,7.259,31.404000000000003,25.779,0.199,0.199,12.285999999999998,11.311,13.77,11.339,0.6779999999999999,0.792,6.355,5.623,1.0125,27.1,25.965,21.163,25.524,2.425,2.029
"2023-11-19 - STL 3, ANA 1",STL,0.0,53.021,43.43599999999999,39.261,32.326,2.1710000000000003,2.0729999999999995,12.057,9.461,0.985,1.085,7.069,6.744,30.571000000000005,25.552,0.305,0.088,12.496,10.805,15.533,11.567,0.8779999999999999,0.892,6.946,6.045999999999999,1.0032,27.714,27.576,21.106,24.85,2.521,1.994
"2023-11-22 - STL 6, ARI 5",STL,2.0,51.225,45.591,37.983,33.991,1.872,2.284,11.296,10.061,0.882,1.192,6.898999999999999,7.128,29.679,26.559,0.305,0.088,12.209,11.178999999999998,15.207,12.324,0.6890000000000001,0.997,6.999,6.697999999999999,1.0211,27.143,26.5,22.439,26.255000000000003,2.473,2.106
"2023-11-24 - NSH 8, STL 3",STL,1.0,51.238,46.786,38.158,34.415000000000006,2.0460000000000003,2.601,11.077,10.315,0.8710000000000001,1.404,6.423,7.466000000000001,29.453,26.995,0.4,0.088,12.104,11.233,14.663,12.861,0.7849999999999999,1.106,6.877000000000001,6.7170000000000005,1.0224,26.616,25.77,23.204,26.73,2.423,2.163
"2023-11-26 - STL 4, CHI 2",STL,1.0,50.201,46.776,37.238,34.216,2.693,2.591,10.677,10.488,1.2,1.302,6.522,7.866000000000001,29.23,26.204,0.4,0.088,11.813,10.172,14.065,13.364,1.083,1.202,6.920999999999999,7.144,0.9989,26.571,24.755,23.906,26.719,2.431,2.219
"2023-11-30 - BUF 4, STL 6",STL,3.0,50.371,45.327,36.83200000000001,33.910000000000004,2.678,2.523,10.533,10.881,1.2820000000000005,1.421,6.325,8.083,29.511999999999997,24.02,0.4,0.199,11.727999999999998,9.555,13.996,13.319,0.981,0.9149999999999998,6.95,7.431,0.9976,26.428999999999995,24.556,24.239,26.505000000000003,2.381,2.285
"2023-12-02 - STL 1, ARI 4",STL,1.0,49.696,45.849,36.72,34.684000000000005,2.768,2.821,10.155,11.05,1.2760000000000002,1.807,6.01,8.228,29.163,24.417,0.383,0.206,11.303,9.411,13.844,13.438,1.083,0.812,7.095000000000001,7.589999999999999,1.0081,26.095,24.073,24.484,26.771,2.369,2.327
"2023-12-04 - STL 2, VGK 1",STL,1.0,50.279,47.248,37.508,35.395,2.961,2.732,9.543,10.875,1.37,1.721,5.811999999999999,7.755,29.943,24.703,0.383,0.206,11.333,9.453,14.055,14.144,1.181,0.812,7.619999999999999,7.95,0.9947,26.354,23.637,25.069,26.641,2.369,2.263
"2023-12-06 - VGK 6, STL 3",STL,1.0,51.209,48.931,38.44,35.588,2.778,2.412,10.244,10.147,1.279,1.61,6.665000000000001,6.803,30.057,26.145,0.295,0.206,11.098,9.45,14.241,15.111,1.181,0.61,7.566,7.806999999999999,0.9943000000000002,26.935,24.515,25.337,25.779000000000003,2.584,2.213
"2023-12-08 - STL 2, CBJ 5",STL,1.0,49.829,47.424,38.531,34.345000000000006,3.091,2.307,10.211,9.111,1.3850000000000002,1.604,7.123,5.962,30.349,25.815,0.4,0.206,11.503,9.325,13.059,15.047000000000002,1.283,0.5119999999999999,7.086,7.798,0.9851,27.130000000000003,23.255,24.235000000000003,24.794,2.585,2.115
"2023-12-09 - STL 1, CHI 3",STL,0.0,47.987,45.391000000000005,36.859,33.623000000000005,2.888,2.3080000000000003,10.102,9.026,1.386,1.6030000000000002,6.708,5.679,28.23,24.372,0.4,0.206,10.6,9.391,12.695,14.243,1.086,0.5119999999999999,6.76,7.144,0.9836,25.381,22.789,23.318,24.044,2.498,2.034
"2023-12-12 - DET 6, STL 4",STL,2.0,45.964,46.322,35.45100000000001,34.895,2.882,2.208,10.088,9.529,1.5770000000000002,1.6030000000000002,7.213000000000001,6.267,27.482,24.294,0.4,0.206,9.669,9.582,12.102,14.646,0.8860000000000001,0.4119999999999999,6.321000000000001,7.258,0.9753,24.574,22.204,24.225,25.012,2.4159999999999995,2.139
"2023-12-14 - OTT 2, STL 4",STL,1.0,45.407,47.161,35.102999999999994,35.078,3.204,2.278,10.169,9.565,1.7990000000000002,1.682,7.19,6.154,27.157,25.428,0.4939999999999999,0.206,9.117,9.888000000000002,12.455,14.861,0.8860000000000001,0.4019999999999999,6.293,7.282000000000001,0.9588,24.058,22.625,24.498,25.124,2.396,2.172
"2023-12-16 - DAL 3, STL 4",STL,1.0,44.562,46.939,34.421,35.44,2.939,2.25,10.052,9.582,1.819,1.6629999999999998,7.212999999999999,6.1000000000000005,26.342,25.77,0.3989999999999999,0.206,9.472,10.48,12.615,14.770999999999995,0.6950000000000001,0.386,6.386,7.379,0.9686,24.266,22.667,24.389,25.536,2.4210000000000003,2.189
"2023-12-19 - STL 1, TB 6",STL,2.0,45.541,47.619,34.515,36.225,2.505,2.254,9.874,9.29,1.593,1.666,6.823,6.065,26.789,26.611,0.399,0.206,9.367,10.663,12.933000000000002,14.974,0.501,0.386,5.9350000000000005,7.717999999999999,0.9803,23.62,22.831,24.284,25.749,2.334,2.181
"2023-12-21 - STL 4, FLA 1",STL,1.0,45.801,47.417,34.569,35.28,2.809,1.936,9.618,8.1,1.602,1.4529999999999998,6.737,5.434,26.757,27.123,0.718,0.0949999999999999,9.773,11.116,12.654,14.799,0.501,0.386,5.732,7.087999999999999,0.9589,23.835,22.226,23.009,24.953,2.245,2.014
"2023-12-23 - CHI 5, STL 7",STL,1.0,46.664,47.135000000000005,34.917,35.145,2.601,1.7719999999999998,9.987,7.872,1.501,1.175,6.793000000000001,5.290000000000001,26.759,26.236,0.624,0.0,9.804,11.004,12.657,14.928,0.399,0.595,5.69,7.422,0.9558,23.951,22.611,22.924,25.127,2.349,1.996
"2023-12-27 - DAL 1, STL 2",STL,3.0,47.027,46.574,34.648,35.106,2.722,2.048,10.258,7.874,1.722,1.073,7.031000000000001,5.8020000000000005,26.994,26.706,0.624,0.183,10.143,11.391,12.22,13.896,0.301,0.7859999999999999,4.964,7.029000000000001,0.9551,23.667,22.463,21.868,25.77,2.296,2.03
"2023-12-29 - COL 2, STL 1",STL,1.0,47.784000000000006,43.23,35.181,33.494,2.823,2.135,9.565,7.417,1.826,0.967,6.259,5.468999999999999,27.026,25.553,0.624,0.384,10.803999999999998,11.049,13.162,12.58,0.301,0.7859999999999999,5.494,6.995,0.9583000000000002,23.993,22.718,20.078,24.936,2.144,1.906
"2023-12-30 - STL 2, PIT 4",STL,0.0,46.24999999999999,43.724,33.634,34.468,2.721,1.849,8.399,7.325,1.826,0.682,5.21,5.474,27.098000000000003,26.183000000000003,0.624,0.384,10.883,11.473,12.66,12.844,0.199,0.7859999999999999,5.396,6.98,0.9433,22.963,21.061,20.247,25.221,1.921,1.953
"2024-01-04 - VAN 1, STL 2",STL,4.0,47.498000000000005,44.852,33.991,34.665,2.626,1.849,8.298,7.134,1.732,0.685,5.208,5.274,28.06,27.147,0.624,0.384,10.739,11.341,13.553,13.566999999999998,0.199,0.7859999999999999,5.598000000000001,6.885,0.9506,23.142000000000003,21.835,20.784,24.801,1.959,1.974
"2024-01-06 - STL 2, CAR 1",STL,1.0,48.638,44.15,35.214,34.272000000000006,2.44,2.036,8.968,6.754,1.541,0.685,5.23,5.119000000000001,28.811,27.412,0.518,0.384,11.021,11.464,12.912,13.154000000000002,0.304,0.977,5.502999999999999,6.686,0.9667,23.528,21.902,19.95,24.588,2.035,1.869
"2024-01-11 - NYR 2, STL 5",STL,4.0,52.29,43.082,37.43,33.247,2.026,1.861,9.856,6.68,1.2280000000000002,0.499,5.578,5.09,30.186999999999998,25.96,0.424,0.384,11.612,10.864,13.311000000000002,12.538,0.304,0.987,5.178,6.424,0.9845,24.139,23.189,19.254,23.799,2.264,1.8200000000000005
"2024-01-13 - BOS 4, STL 3",STL,1.0,52.94100000000001,41.504000000000005,37.769,31.403,1.931,1.662,9.891000000000002,6.295,1.13,0.306,5.796,4.81,30.794,24.305,0.424,0.384,11.733,9.796,13.667000000000002,12.057999999999998,0.304,0.986,5.301,6.308,0.9876,24.589,23.584,18.410000000000004,22.569,2.311,1.7239999999999998
"2024-01-15 - PHI 4, STL 2",STL,1.0,54.209,39.181,39.088,29.647,1.828,1.567,10.767,6.086,1.029,0.212,6.552,4.503,31.373,22.619,0.529,0.384,12.051,9.356,14.127,11.313,0.2,0.986,5.614,5.819,0.9949,25.751,24.901,17.454,21.337,2.456,1.621
"2024-01-18 - STL 2, WSH 5",STL,2.0,56.501,39.917,41.407,30.0,1.654,1.659,11.696000000000002,6.155,1.1540000000000004,0.212,7.026999999999999,4.494000000000001,32.61,23.511000000000003,0.21,0.473,12.701,9.655,14.978,11.405,0.2,0.986,5.8340000000000005,5.907,1.0084,27.005000000000003,26.694,17.577,21.771,2.636,1.6880000000000002
"2024-01-20 - WSH 0, STL 3",STL,1.0,53.955000000000005,39.17,38.615,28.487,1.752,1.5399999999999998,10.643,6.292,1.2500000000000002,0.3069999999999999,6.692,4.445,31.157,23.415,0.305,0.473,12.3,9.587,14.823,10.872,0.2,0.777,5.294,5.255999999999999,1.0029,25.525,25.416,17.196,20.782,2.402,1.626
"2024-01-23 - STL 4, CGY 3",STL,2.0,52.38100000000001,39.378,37.36,27.859,1.4380000000000002,1.164,10.364,5.920999999999999,0.9350000000000002,0.3069999999999999,6.345000000000001,4.055999999999999,29.655,23.828,0.305,0.29,11.732,9.858,15.417999999999996,11.246,0.2,0.5860000000000001,5.786,5.101,1.0092,25.126,25.766,17.151,20.069,2.349,1.592
"2024-01-24 - STL 4, VAN 3",STL,0.0,51.391,40.547,36.398,28.42,1.625,1.279,10.219,6.441,0.8310000000000002,0.3069999999999999,6.635,4.265,29.558,23.491,0.6,0.194,11.326,9.405,14.735,12.549,0.2,0.798,5.263,5.723999999999999,1.0068,24.844,24.901,19.019,20.351,2.314,1.6800000000000002
"2024-01-26 - STL 4, SEA 3",STL,1.0,53.197,40.691,37.517,27.565000000000005,1.509,1.492,11.31,7.1930000000000005,0.8180000000000002,0.5209999999999999,7.306999999999999,4.545,29.618,22.636,0.495,0.194,11.088,8.709999999999999,15.505,12.518,0.2,0.798,5.029,5.558999999999999,1.0269,24.96,26.788,19.721,19.663,2.505,1.719
"2024-01-28 - LA 3, STL 4",STL,1.0,55.06700000000001,38.731,39.23,26.661,1.507,1.492,12.135,7.003,0.8180000000000002,0.417,7.755,4.559,30.412,21.547,0.584,0.194,11.86,8.261999999999999,15.31,11.944,0.105,0.904,4.93,5.461,1.0341999999999998,26.173,27.435,18.95,18.814,2.653,1.662
"2024-01-30 - CBJ 1, STL 0",STL,1.0,54.771,37.044,38.86,24.833,1.608,1.4920000000000002,11.71,6.385,0.8180000000000002,0.417,7.340000000000001,4.026999999999999,30.483,20.546,0.584,0.194,12.341,7.912000000000001,15.363000000000005,11.364,0.211,0.904,5.4350000000000005,5.364999999999999,1.0353,26.545,27.086,17.747999999999998,17.717999999999996,2.56,1.576
"2024-02-10 - STL 3, BUF 1",STL,10.0,53.101,37.377,37.756,24.986,1.714,1.386,10.841,6.26,0.9240000000000002,0.417,6.898999999999999,3.867,29.913,20.854,0.584,0.194,11.989,8.251999999999999,15.498,11.879,0.211,0.799,5.976,5.041,1.0245,26.197000000000003,26.355,18.136000000000003,17.475,2.407,1.592
"2024-02-11 - STL 7, MTL 2",STL,0.0,52.75,38.927,37.491,26.383,1.6999999999999995,1.408,10.632,6.526999999999999,0.91,0.631,6.646000000000001,4.102,30.265,21.629,0.584,0.194,11.55,9.019,15.216,12.318,0.211,0.605,5.946,4.866,1.0211,25.553,25.867,18.835,18.184,2.311,1.65
"2024-02-13 - STL 1, TOR 4",STL,1.0,50.335,40.284,35.596,27.639,1.581,1.7420000000000002,9.935,6.666,0.8950000000000001,0.631,6.412999999999999,4.22,29.418,21.446,0.4789999999999999,0.41,11.422999999999998,9.175999999999998,14.192999999999998,13.511,0.211,0.71,5.583,5.601000000000001,1.0331,24.666,24.183,20.123,19.318,2.176,1.7240000000000002
"2024-02-15 - EDM 3, STL 6",STL,1.0,48.632,38.569,34.480000000000004,26.39,1.556,1.751,9.691,6.908999999999999,0.676,0.631,5.928,4.246,28.739,20.504,0.574,0.321,10.722,8.41,13.539,12.822,0.305,0.8119999999999999,5.361,5.138,1.035,23.261000000000003,23.281,19.685,17.938,2.163,1.623
"2024-02-17 - NSH 5, STL 2",STL,1.0,50.036,39.465,36.164,27.297999999999995,1.569,1.83,10.786,7.139999999999999,0.788,0.614,6.618,4.208,29.192999999999994,20.853,0.479,0.416,10.898,8.628,13.603,12.958000000000002,0.305,0.8119999999999999,5.757,5.134,1.0415,24.525,24.481,20.039,18.228,2.321,1.654
"2024-02-19 - TOR 4, STL 2",STL,1.0,52.511,38.828,38.24400000000001,27.647,1.885,1.922,11.643,7.156000000000001,0.788,0.7050000000000001,7.654000000000001,4.146,30.474,20.094,0.591,0.416,11.715,8.689,13.421,12.539,0.515,0.8119999999999999,5.784,5.21,1.0351,26.39,25.121,19.667,18.438,2.54,1.6780000000000002
"2024-02-22 - NYI 0, STL 4",STL,2.0,51.103,38.755,37.611,26.878,1.703,1.614,11.436000000000002,6.812,0.8940000000000001,0.7050000000000001,7.206,3.937,29.835,21.037,0.296,0.311,12.032,8.842,12.762,11.028,0.515,0.6,5.608,4.177999999999999,1.0261999999999998,25.8,24.26,17.799,17.451999999999998,2.473,1.575
"2024-02-24 - STL 1, DET 6",STL,1.0,48.204,37.69,36.095000000000006,26.630000000000003,1.608,1.598,10.31,6.086,0.8010000000000002,0.59,6.601999999999999,3.59,29.135,20.95,0.296,0.311,12.15,8.915000000000001,11.922,10.665,0.515,0.698,5.722,4.273999999999999,1.0286,25.518,22.278,16.719,17.592,2.288,1.4700000000000002
"2024-02-27 - STL 2, WPG 4",STL,2.0,47.723,37.639,36.233,26.795,1.908,1.597,9.618,6.246,0.8960000000000001,0.59,6.283,3.4739999999999998,29.167,21.177,0.207,0.311,12.127,9.395,12.27,10.278,0.8039999999999999,0.692,6.377,4.343999999999999,1.0171,25.618,21.9,16.491,18.092,2.23,1.492
"2024-02-28 - STL 2, EDM 3",STL,0.0,48.196,39.432,36.426,28.597999999999995,2.092,1.613,9.967000000000002,7.464,0.995,0.7969999999999999,6.765000000000001,4.179,29.771,21.889,0.4189999999999999,0.311,12.596,9.415,11.94,10.394,0.6880000000000001,0.501,5.751,4.266,1.0095,25.915000000000003,21.906,17.826,18.829,2.281,1.632
"2024-03-02 - MIN 1, STL 3",STL,2.0,49.359,39.665,36.974,29.701,2.0780000000000003,1.721,11.063,7.162999999999999,0.981,0.7969999999999999,7.356,4.023,30.062,22.309,0.4189999999999999,0.311,12.701,9.958,11.656,10.556,0.6880000000000001,0.605,5.577,4.908,1.0151,26.637,22.729,17.687,20.071,2.335,1.5950000000000002
"2024-03-04 - STL 2, PHI 1",STL,1.0,49.935,37.885000000000005,37.022,28.5,2.087,1.602,11.174,6.695,0.889,0.6769999999999999,7.214999999999999,3.679,30.301,21.910000000000004,0.513,0.311,12.726,9.921,11.263,9.835,0.6880000000000001,0.605,5.212000000000001,4.787000000000001,1.0100000000000002,26.267000000000003,22.433,16.506,19.452,2.393,1.488
"2024-03-05 - STL 2, NYI 4",STL,0.0,51.55499999999999,38.741,37.868,27.708,2.089,1.277,11.515,6.744,0.892,0.778,7.361,3.515,31.201,24.192,0.513,0.095,12.921,10.073,11.769,9.195,0.6880000000000001,0.404,5.24,3.884,1.0011,26.617,23.251,15.964,18.432,2.425,1.434
"2024-03-07 - STL 1, NJ 4",STL,1.0,52.156000000000006,39.261,38.039,28.084,2.079,1.389,11.605,6.475999999999999,1.072,0.9919999999999998,7.593999999999999,3.5460000000000003,31.622000000000003,24.68,0.418,0.095,13.157999999999998,10.811,11.973,9.065,0.5940000000000001,0.302,5.392,3.892,1.0047,27.041999999999994,23.585,15.546,19.313,2.457,1.4449999999999998
"2024-03-09 - STL 0, NYR 4",STL,1.0,52.83200000000001,38.692,38.409000000000006,28.014,2.071,1.209,11.284,5.839,0.963,0.8059999999999998,7.287000000000001,3.374,31.961,25.591,0.418,0.0,13.351,11.226,12.185,8.53,0.688,0.404,5.686,3.692,0.9919,27.209,23.447,14.389,19.379,2.405,1.4220000000000002
"2024-03-11 - STL 5, BOS 1",STL,1.0,53.541,38.010000000000005,38.862,27.333,1.8540000000000003,1.117,10.632,5.714999999999999,0.963,0.715,6.364,3.514,32.75,25.42,0.306,0.0,13.419999999999998,10.657,13.154999999999998,8.445,0.572,0.404,5.886,3.5089999999999995,0.9943,26.545,23.724,14.187,18.948,2.2960000000000003,1.3210000000000002
"2024-03-13 - LA 1, STL 3",STL,1.0,53.915,37.147000000000006,39.339,27.797999999999995,1.84,1.436,11.316,6.268,0.857,1.037,6.956999999999999,4.225,31.787,24.325,0.394,0.0,13.038,10.48,13.783,8.426,0.5720000000000001,0.404,6.014,3.647,1.0132,26.882,25.074,14.689999999999998,19.518,2.42,1.417
"2024-03-16 - MIN 2, STL 3",STL,2.0,57.259,38.712,41.681,29.258,1.94,1.531,12.533,6.4590000000000005,0.959,1.037,7.665999999999999,4.606,33.617,25.783,0.394,0.2009999999999999,13.632,11.001,14.348999999999998,8.625,0.5720000000000001,0.306,6.303,3.7430000000000008,1.0103,28.463,26.852,15.078000000000005,20.318,2.604,1.494
"2024-03-17 - ANA 2, STL 4",STL,0.0,56.821000000000005,42.19799999999999,39.661,31.276,1.652,1.5299999999999998,12.935,7.138,0.97,1.037,7.638,5.211,32.398,27.858,0.394,0.2009999999999999,13.105,11.579,13.915,9.696000000000002,0.283,0.3,5.557,4.057,1.0126,27.282,26.869,16.809,22.034,2.474,1.65
"2024-03-19 - COL 4, STL 3",STL,1.0,55.58200000000001,41.17100000000001,38.731,30.076,1.3669999999999998,1.419,12.711,6.01,0.977,0.922,7.379,4.506,31.384,28.357,0.182,0.2009999999999999,12.374,11.941,13.625,9.509,0.188,0.3,5.663,3.754,1.0173,26.341,26.355,15.489,21.299,2.483,1.539
"2024-03-21 - STL 5, OTT 2",STL,1.0,55.077,41.574,39.065,30.161999999999995,1.587,1.592,11.921,6.702,0.8850000000000001,1.11,7.086,4.958,32.081,27.981,0.182,0.2009999999999999,13.282,11.496,13.668,9.621,0.504,0.292,5.726999999999999,3.779,1.0177999999999998,26.821,25.599,16.304,21.12,2.4430000000000005,1.614
"2024-03-23 - STL 5, MIN 4",STL,1.0,55.129,42.133,39.567,30.641,1.581,1.9270000000000005,12.248,7.637,0.978,1.446,7.591999999999999,5.538,30.929,27.975,0.088,0.2009999999999999,13.04,11.185,14.533999999999995,9.59,0.504,0.292,6.441,4.129,1.0322,27.768,26.824,17.198,21.873,2.483,1.813
"2024-03-25 - VGK 2, STL 1",STL,1.0,55.2,41.804,40.304,31.657,1.86,2.24,12.021,8.094999999999999,1.07,1.552,7.568,6.089,31.131999999999994,26.559000000000005,0.088,0.295,13.203,10.824,14.495,9.635,0.6950000000000001,0.3969999999999999,6.528999999999999,4.333,1.0346,27.988,26.567,17.684,22.438,2.498,1.961
"2024-03-28 - CGY 3, STL 5",STL,2.0,54.746,42.098,39.795,32.023,1.684,2.119,11.44,8.386,0.897,1.43,7.293000000000001,6.388,31.985,26.844,0.088,0.295,13.287,10.706,14.366,9.542,0.6950000000000001,0.3969999999999999,6.517,4.501,1.0337,27.889,25.812,17.895,22.794,2.377,1.999
"2024-03-30 - SJ 4, STL 0",STL,1.0,54.389,42.215,39.297,31.87,1.688,2.299,11.296,8.733,1.0000000000000002,1.616,7.519,6.755,32.059999999999995,25.948,0.088,0.295,13.161,10.103,13.84,10.510000000000002,0.601,0.39,5.935,4.788,1.0457,27.333,25.163,19.197,22.718,2.365,2.039
"2024-04-01 - EDM 2, STL 3",STL,1.0,51.326,45.297,37.029,33.943,1.907,2.299,10.82,9.209,1.108,1.616,7.427999999999999,6.981,30.15600000000001,27.839,0.088,0.295,12.159,10.438,12.907,11.861,0.709,0.39,5.956,5.117,1.027,26.29,23.801,21.039,23.552,2.261,2.147
"2024-04-04 - STL 3, NSH 6",STL,2.0,51.886,44.738,37.147,33.752,2.022,2.0740000000000003,10.107,9.037,1.108,1.2939999999999998,6.920999999999999,6.831999999999999,31.492,27.534,0.105,0.295,12.989,10.261,12.561000000000002,12.111,0.8150000000000001,0.485,6.129,5.466,1.0113,26.789,22.709,21.139000000000003,23.597,2.23,2.13
"2024-04-06 - STL 2, SJ 3",STL,1.0,50.233,45.059,35.556,34.224000000000004,2.115,1.984,9.497,9.491,1.0060000000000002,1.1949999999999998,6.734999999999999,6.962999999999999,29.524,27.018,0.105,0.094,11.92,10.261,12.537,12.653,1.007,0.6910000000000001,6.042,5.758,1.0002,25.563,22.057,22.162,24.142000000000003,2.127,2.253
"2024-04-07 - STL 6, ANA 5",STL,0.0,46.895,42.486,34.584,32.916000000000004,1.912,1.885,8.463000000000001,8.863,0.8010000000000002,1.1949999999999998,6.237,6.465999999999999,28.927,24.763,0.105,0.094,11.788,9.469,11.527,12.47,1.007,0.5970000000000001,6.033,5.783,1.0072,24.91,19.998,21.376,22.707,2.06,2.13
"2024-04-10 - CHI 2, STL 5",STL,2.0,47.354,42.655,35.277,33.15,2.178,2.112,8.471,8.936,0.972,1.1029999999999998,6.695,6.399,29.778,24.084,0.105,0.094,11.725,9.54,11.898,12.989,1.103,0.911,6.194999999999999,6.226,1.0085,25.654000000000003,20.395,21.966,23.173,2.0460000000000003,2.139
"2024-04-12 - CAR 5, STL 2",STL,1.0,44.582,43.002,32.940000000000005,32.613,1.9660000000000004,2.322,8.019000000000002,8.748000000000001,1.074,1.111,6.461,6.26,27.202,24.971,0.105,0.2009999999999999,10.459,9.547,11.363,12.451,0.7869999999999999,1.004,5.661,5.884,1.0216999999999998,23.731,19.427,21.225,22.781,1.964,2.124
"2024-04-14 - SEA 1, STL 4",STL,1.0,45.557,43.767,33.328,32.938,2.073,1.987,7.529000000000001,7.982000000000001,0.981,0.6809999999999998,6.29,5.952,29.199,25.996,0.105,0.2009999999999999,11.483,9.656,11.353,12.706,0.999,1.099,5.463,5.906000000000001,1.0051,24.306,18.896,20.736,22.779000000000003,1.939,1.999
"2024-04-17 - STL 1, DAL 2",STL,2.0,45.005,43.626000000000005,31.922,32.56,1.806,1.859,7.041,7.744,0.7950000000000002,0.5679999999999998,5.664,5.282,28.787,25.789,0.105,0.302,10.837,9.743,11.935,12.625,0.913,0.994,5.392,5.976000000000001,1.007,22.953,19.005000000000003,20.42,22.571,1.8520000000000003,1.885
