Game,Team,Date,AwayTeam,AwayScore,HomeTeam,HomeScore,HomeResult,days_of_rest,CA,CF,FA,FF,GA,GF,HDCA,HDCF,HDGA,HDGF,HDSA,HDSF,LDCA,LDCF,LDGA,LDGF,LDSA,LDSF,MDCA,MDCF,MDGA,MDGF,MDSA,MDSF,PDO,SA,SCA,SCF,SF,xGA,xGF
"2021-10-14 - ARI 2, CBJ 8",CBJ,2021-10-14,ARI,2,CBJ,8,Won,,,,,,,,,,,,,,,,,,,,,,,,,,,,,,,,
"2021-10-16 - SEA 1, CBJ 2",CBJ,2021-10-16,SEA,1,CBJ,2,Won,1.0,,,,,,,,,,,,,,,,,,,,,,,,,,,,,,,
"2021-10-19 - CBJ 1, DET 4",CBJ,2021-10-19,CBJ,1,DET,4,Won,2.0,,,,,,,,,,,,,,,,,,,,,,,,,,,,,,,
"2021-10-21 - NYI 2, CBJ 3",CBJ,2021-10-21,NYI,2,CBJ,3,Won,1.0,,,,,,,,,,,,,,,,,,,,,,,,,,,,,,,
"2021-10-23 - CAR 5, CBJ 1",CBJ,2021-10-23,CAR,5,CBJ,1,Lost,1.0,,,,,,,,,,,,,,,,,,,,,,,,,,,,,,,
"2021-10-25 - DAL 1, CBJ 4",CBJ,2021-10-25,DAL,1,CBJ,4,Won,1.0,,,,,,,,,,,,,,,,,,,,,,,,,,,,,,,
"2021-10-29 - CBJ 0, NYR 4",CBJ,2021-10-29,CBJ,0,NYR,4,Won,3.0,,,,,,,,,,,,,,,,,,,,,,,,,,,,,,,
"2021-10-31 - CBJ 4, NJ 3",CBJ,2021-10-31,CBJ,4,NJ,3,Lost,1.0,,,,,,,,,,,,,,,,,,,,,,,,,,,,,,,
"2021-11-03 - CBJ 5, COL 4",CBJ,2021-11-03,CBJ,5,COL,4,Lost,2.0,,,,,,,,,,,,,,,,,,,,,,,,,,,,,,,
"2021-11-06 - COL 2, CBJ 4",CBJ,2021-11-06,COL,2,CBJ,4,Won,2.0,,,,,,,,,,,,,,,,,,,,,,,,,,,,,,,
"2021-11-12 - WSH 4, CBJ 3",CBJ,2021-11-12,WSH,4,CBJ,3,Lost,5.0,47.197,43.262,36.118,31.456,1.6939999999999997,1.8739999999999999,9.571,8.081,0.5,0.698,7.417,6.174,19.406,17.16,0.378,0.513,10.347,9.376999999999999,15.705000000000002,14.331999999999999,0.799,0.689,8.456,5.939,1.016,26.802,25.262,22.447,23.05,2.1990000000000003,1.8009999999999997
"2021-11-13 - NYR 5, CBJ 3",CBJ,2021-11-13,NYR,5,CBJ,3,Lost,0.0,46.211,44.116,35.408,32.155,2.0140000000000002,1.6640000000000001,8.416,8.998999999999999,0.5,0.7899999999999999,6.367,6.811,20.070999999999998,16.863,0.378,0.28200000000000003,10.997,8.821000000000002,14.963999999999999,14.475999999999999,1.113,0.589,8.711,5.9959999999999996,0.9947000000000001,26.714,23.321,23.546,23.22,2.082,1.8980000000000001
"2021-11-15 - DET 3, CBJ 5",CBJ,2021-11-15,DET,3,CBJ,5,Won,1.0,46.625,43.866,36.501,32.775,2.3240000000000003,1.7579999999999998,9.335999999999999,9.706,0.7140000000000001,0.881,7.278999999999999,7.357000000000001,20.255,17.037,0.5660000000000001,0.377,11.634,8.983,14.466,13.709999999999999,1.0079999999999998,0.493,8.624,5.989,0.9901,28.171,23.732999999999997,23.503999999999998,23.970000000000002,2.148,2.055
"2021-11-18 - CBJ 5, ARI 4",CBJ,2021-11-18,CBJ,5,ARI,4,Lost,2.0,46.003,44.768,35.134,33.38,2.45,2.132,8.735000000000001,9.172999999999998,0.9260000000000002,1.066,6.749,7.1530000000000005,19.433999999999997,17.225,0.6769999999999999,0.472,10.769,9.437999999999999,14.999,14.934999999999999,0.8190000000000002,0.589,8.368,6.912000000000001,0.9938,26.722,23.661,24.196,25.041999999999998,2.022,2.0869999999999997
"2021-11-20 - CBJ 2, VGK 3",CBJ,2021-11-20,CBJ,2,VGK,3,Won,1.0,45.263,47.041,34.504,34.826,2.616,2.245,8.876000000000001,9.873000000000001,0.9120000000000001,1.1789999999999998,6.634,7.623,19.185000000000002,18.387,0.772,0.472,10.643,10.341999999999999,14.704999999999998,15.030000000000001,0.9039999999999999,0.589,8.232,6.75,0.9864999999999998,26.163,23.508000000000003,25.0,26.340999999999998,1.969,2.288
"2021-11-22 - CBJ 7, BUF 4",CBJ,2021-11-22,CBJ,7,BUF,4,Lost,1.0,45.587,47.8,34.628,35.119,2.591,2.351,9.038,10.059000000000001,0.99,1.2849999999999997,6.685,7.553,19.46,18.874,0.772,0.472,10.475999999999999,10.190000000000001,14.746,15.312999999999999,0.799,0.589,8.39,6.893000000000001,0.9935,26.268,23.762999999999998,25.428,26.339,1.9759999999999998,2.304
"2021-11-24 - WPG 0, CBJ 3",CBJ,2021-11-24,WPG,0,CBJ,3,Won,1.0,46.492999999999995,48.861000000000004,34.94199999999999,36.153999999999996,2.777,2.584,9.35,10.146,1.175,1.4049999999999998,7.220000000000001,7.806,20.314,20.076,0.772,0.584,10.876000000000001,10.909,14.375,15.491,0.799,0.599,7.906000000000001,6.814,0.9897,26.617,23.686,25.677,27.102999999999998,2.014,2.266
"2021-11-26 - VAN 2, CBJ 4",CBJ,2021-11-26,VAN,2,CBJ,4,Won,1.0,46.453,48.059,34.986,35.894,2.584,2.678,9.074000000000002,10.031,1.175,1.4989999999999999,7.132,8.004000000000001,21.025000000000002,20.369,0.772,0.584,11.065,10.844,14.191999999999998,14.818000000000001,0.61,0.599,7.905000000000001,6.93,1.0008000000000001,26.735000000000003,23.282999999999998,24.826,26.948,1.9689999999999999,2.25
"2021-11-27 - CBJ 3, STL 6",CBJ,2021-11-27,CBJ,3,STL,6,Won,0.0,47.399,47.231,35.690999999999995,35.785000000000004,2.505,2.66,8.863000000000001,9.498,1.09,1.593,6.693,7.6850000000000005,22.414,20.878999999999998,0.6769999999999999,0.479,11.995,11.212,13.831,13.857999999999999,0.716,0.588,7.644,6.693,1.0036999999999998,27.151,22.749000000000002,23.305,26.845,1.973,2.1830000000000003
"2021-11-30 - CBJ 0, NSH 6",CBJ,2021-11-30,CBJ,0,NSH,6,Won,2.0,47.836,45.338,37.287,34.254,2.895,2.3440000000000003,9.491999999999999,8.934000000000001,1.2760000000000002,1.278,6.82,7.127,21.372999999999998,19.707,0.5820000000000001,0.479,11.594,10.113,14.686000000000002,14.163,1.008,0.586,8.440000000000001,7.062,0.9851999999999999,27.809000000000005,24.217000000000002,23.073,25.208,2.105,2.1229999999999998
"2021-12-02 - CBJ 2, DAL 3",CBJ,2021-12-02,CBJ,2,DAL,3,Won,1.0,48.161,45.32,36.842,34.175,3.1790000000000003,2.063,9.213,8.512,1.374,1.278,6.596000000000001,6.595000000000001,21.57,20.431,0.583,0.39,11.635,10.476,15.129999999999999,14.228,1.1949999999999998,0.396,8.323,6.964,0.9636999999999999,27.464999999999996,24.368000000000002,22.744,24.668,2.007,2.067
"2021-12-04 - CBJ 1, WSH 3",CBJ,2021-12-04,CBJ,1,WSH,3,Won,1.0,49.659000000000006,44.009,37.485,33.439,3.04,1.9880000000000002,10.69,7.813000000000001,1.654,1.193,7.823,5.958,21.270000000000003,19.975,0.48900000000000005,0.30200000000000005,11.366,10.498999999999999,15.222999999999999,13.822,0.8809999999999999,0.501,7.786,6.704000000000001,0.969,27.904000000000003,25.936,21.653,24.189,2.122,1.9509999999999998
"2021-12-05 - SJ 4, CBJ 6",CBJ,2021-12-05,SJ,4,CBJ,6,Won,0.0,50.386,42.966,37.008,32.011,2.8169999999999997,1.903,10.339,6.853999999999999,1.534,1.206,7.301,5.142,20.637,19.578,0.301,0.20700000000000002,10.563999999999998,9.65,16.523,13.988000000000003,0.9749999999999999,0.501,8.559000000000001,6.840000000000001,0.9753999999999999,27.497999999999998,26.859,20.861,22.708,2.147,1.737
"2021-12-07 - CBJ 4, TOR 5",CBJ,2021-12-07,CBJ,4,TOR,5,Won,1.0,52.153999999999996,43.575,38.858,32.260000000000005,2.912,2.001,11.376,6.961,1.527,1.115,8.113,5.164,23.18,21.330000000000002,0.40099999999999997,0.296,11.013000000000002,10.323,16.061,13.406,0.975,0.595,8.656,6.0,0.9814999999999999,28.748,27.427,20.377,22.657999999999998,2.3280000000000003,1.687
"2021-12-09 - ANA 2, CBJ 1",CBJ,2021-12-09,ANA,2,CBJ,1,Lost,1.0,53.278999999999996,42.637,40.149,31.504999999999995,2.8360000000000003,1.9949999999999999,11.068999999999999,6.388,1.6299999999999997,1.1119999999999999,8.084,4.517,23.679,20.916999999999998,0.30599999999999994,0.296,11.331,9.413,16.633000000000003,13.812999999999999,0.884,0.595,9.425,6.15,0.9936,30.246,27.647,20.252000000000002,21.14,2.371,1.5310000000000001
"2021-12-11 - CBJ 5, SEA 4",CBJ,2021-12-11,CBJ,5,SEA,4,Lost,1.0,52.967999999999996,42.989999999999995,40.192,32.439,2.748,1.9829999999999999,11.065999999999999,6.552000000000001,1.544,1.0059999999999998,8.302,4.748,23.490000000000002,20.995,0.30599999999999994,0.296,11.209,9.519,16.665,13.931000000000001,0.884,0.6900000000000001,9.32,6.7,0.9948,30.250999999999998,27.656,20.548000000000002,22.021,2.384,1.6199999999999999
"2021-12-14 - CBJ 3, VAN 4",CBJ,2021-12-14,CBJ,3,VAN,4,Won,2.0,53.121,43.376,40.696000000000005,32.852000000000004,2.845,1.884,11.072999999999999,6.571000000000001,1.452,1.014,8.297999999999998,4.662999999999999,22.783,21.168,0.39499999999999996,0.184,10.767999999999999,9.511,17.586,13.9,0.9869999999999999,0.69,10.166999999999998,6.8,0.9871000000000001,30.631999999999998,28.583,20.547,22.245,2.3840000000000003,1.719
"2021-12-16 - CBJ 2, EDM 5",CBJ,2021-12-16,CBJ,2,EDM,5,Won,1.0,53.32000000000001,45.805,40.93300000000001,33.087,3.032,2.1079999999999997,11.341,6.647,1.545,1.134,8.516,4.724,22.878,22.402,0.395,0.184,10.928,9.544,17.157999999999998,14.352,1.083,0.787,9.794,6.554,0.9907,30.75,28.415,21.071,22.196,2.4050000000000002,1.7600000000000002
"2021-12-30 - NSH 3, CBJ 4",CBJ,2021-12-30,NSH,3,CBJ,4,Won,13.0,52.4,46.499,41.116,33.672000000000004,3.028,2.12,11.328999999999999,7.143000000000001,1.638,1.244,8.734,5.211,22.345,22.584,0.395,0.184,10.997,9.871,16.892000000000003,14.354,0.977,0.692,9.83,6.544,0.9887999999999998,30.938,28.075,21.610999999999997,22.964000000000002,2.4690000000000003,1.859
"2022-01-01 - CAR 7, CBJ 4",CBJ,2022-01-01,CAR,7,CBJ,4,Lost,1.0,52.532,46.107,40.688,33.789,2.652,2.299,10.818000000000001,6.9879999999999995,1.353,1.43,8.594,5.073,23.579,23.125999999999998,0.489,0.184,11.6,10.475,16.202,13.839000000000002,0.79,0.688,9.357000000000001,6.227,1.0115,30.992999999999995,26.9,20.916,23.035000000000004,2.392,1.8379999999999999
"2022-01-04 - TB 7, CBJ 2",CBJ,2022-01-04,TB,7,CBJ,2,Lost,2.0,54.67100000000001,44.957,43.184999999999995,32.826,2.778,2.5919999999999996,10.694999999999999,7.087000000000001,1.568,1.524,8.339,5.18,26.034000000000002,22.107999999999997,0.593,0.184,13.132,9.882,16.102,13.579000000000002,0.604,0.882,9.251999999999999,6.063000000000001,1.0337,32.194,26.708,20.707,22.363,2.537,1.8170000000000002
"2022-01-06 - CBJ 1, NJ 3",CBJ,2022-01-06,CBJ,1,NJ,3,Won,1.0,54.24499999999999,45.158,43.349000000000004,32.717,2.926,2.568,9.806999999999999,7.322,1.505,1.514,7.578999999999999,5.3759999999999994,25.948,23.594,0.593,0.184,13.013,9.786,17.285999999999998,13.338999999999999,0.805,0.8729999999999999,9.975,6.173,1.0277999999999998,32.025,26.972,20.714999999999996,22.238999999999997,2.496,1.8419999999999999
"2022-01-08 - NJ 3, CBJ 4",CBJ,2022-01-08,NJ,3,CBJ,4,Won,1.0,52.71999999999999,45.938,43.315,34.099,2.8270000000000004,2.568,10.039,7.757,1.505,1.5110000000000001,7.731999999999999,5.793,25.686,23.686,0.593,0.184,12.739,10.432,16.062,13.693999999999999,0.7110000000000001,0.8729999999999999,9.458,6.083,1.0271,31.268,26.022,21.496,23.217000000000002,2.459,1.959
"2022-01-11 - CHI 4, CBJ 2",CBJ,2022-01-11,CHI,4,CBJ,2,Lost,2.0,50.442,45.118,41.37,34.102,2.717,2.384,9.8,7.598999999999999,1.5050000000000001,1.511,7.308000000000002,5.622,22.817,22.089000000000002,0.382,0.10600000000000001,12.107,9.751,15.701000000000002,13.540000000000001,0.817,0.7779999999999999,9.241,6.489,1.0189,29.999000000000002,25.435,21.177,23.183,2.362,1.9669999999999999
"2022-01-13 - CBJ 6, CAR 0",CBJ,2022-01-13,CBJ,6,CAR,0,Lost,1.0,47.561,43.529,38.589,32.535999999999994,2.734,2.277,9.422999999999998,7.061,1.411,1.401,7.019,5.4799999999999995,22.008000000000003,21.39,0.382,0.10600000000000001,11.449000000000002,9.823,14.421000000000001,13.093,0.9259999999999999,0.7779999999999999,8.418000000000001,6.3950000000000005,1.0025,27.768,23.813,20.144,22.937,2.254,1.8780000000000001
"2022-01-15 - CBJ 2, FLA 9",CBJ,2022-01-15,CBJ,2,FLA,9,Won,1.0,47.785000000000004,44.809000000000005,38.997,33.614,2.633,2.826,9.312,7.812,1.31,1.943,6.872,6.271,22.609,21.529999999999998,0.382,0.21800000000000003,12.36,10.261,14.270999999999997,13.236,0.9259999999999999,0.683,7.856,6.067,1.0208,27.886000000000003,23.571999999999996,21.005000000000003,23.823,2.227,2.053
"2022-01-20 - CBJ 2, PHI 1",CBJ,2022-01-20,CBJ,2,PHI,1,Lost,4.0,50.626,42.617000000000004,41.021,32.08,3.042,2.5,10.744,7.08,1.5070000000000001,1.6199999999999999,8.1,5.8660000000000005,23.801,20.673000000000002,0.505,0.312,13.263,10.024,14.438999999999998,12.879,1.0230000000000001,0.578,7.985999999999999,6.308,1.0064,30.163999999999998,25.16,19.948,23.333000000000002,2.504,1.9
"2022-01-21 - PIT 5, CBJ 2",CBJ,2022-01-21,PIT,5,CBJ,2,Lost,0.0,49.796,40.385999999999996,40.090999999999994,31.740000000000002,2.9499999999999997,2.395,10.964,7.276000000000001,1.4140000000000001,1.512,8.49,5.845999999999999,22.657999999999998,19.494999999999997,0.593,0.312,12.682,10.107000000000001,14.471,12.246,0.9269999999999999,0.585,7.913999999999999,6.491,1.0041999999999998,30.005000000000003,25.419,19.532,23.457,2.553,1.893
"2022-01-23 - OTT 2, CBJ 1",CBJ,2022-01-23,OTT,2,CBJ,1,Lost,1.0,48.397999999999996,39.602,38.096999999999994,31.214999999999996,3.064,2.288,11.312000000000001,7.141999999999999,1.321,1.402,8.501,5.542,21.076,18.735999999999997,0.6980000000000001,0.312,11.34,9.69,14.406,12.096,1.0319999999999998,0.585,7.692,6.493,0.9912000000000001,28.377,25.736,19.224,22.982000000000003,2.507,1.844
"2022-01-26 - CGY 6, CBJ 0",CBJ,2022-01-26,CGY,6,CBJ,0,Lost,2.0,47.898999999999994,40.127,37.855,31.716,3.068,2.101,11.213000000000001,7.577,1.4269999999999998,1.308,8.283999999999999,5.807,21.172,18.73,0.7090000000000001,0.312,11.622,9.564,14.110999999999999,11.995999999999999,0.9269999999999999,0.48900000000000005,7.591999999999999,6.409000000000001,0.9808,28.331,25.337,19.567,23.345,2.501,1.866
"2022-01-27 - NYR 3, CBJ 5",CBJ,2022-01-27,NYR,3,CBJ,5,Won,0.0,49.199999999999996,40.721,38.936,32.163,3.094,1.8079999999999998,11.835,7.25,1.441,1.214,9.097,5.486,21.197000000000003,19.821,0.6220000000000001,0.312,11.944999999999999,10.072,14.325,11.831999999999999,1.0230000000000001,0.295,8.075999999999999,6.4510000000000005,0.9652000000000001,30.189999999999998,26.135,19.107000000000003,23.569,2.5439999999999996,1.829
"2022-01-30 - CBJ 6, MTL 3",CBJ,2022-01-30,CBJ,6,MTL,3,Lost,2.0,48.18599999999999,40.738,38.379,31.667999999999996,2.878,1.9130000000000003,12.482000000000001,7.07,1.332,1.3099999999999998,9.860000000000001,5.465000000000001,20.656,19.497,0.7270000000000001,0.312,11.693,9.886,12.768,11.55,0.8219999999999998,0.293,7.456999999999999,6.434,0.9802,30.122000000000003,25.261000000000003,18.611,23.288000000000004,2.6189999999999998,1.807
"2022-01-31 - FLA 8, CBJ 4",CBJ,2022-01-31,FLA,8,CBJ,4,Lost,0.0,47.242999999999995,42.724000000000004,37.553999999999995,32.426,2.9699999999999998,2.2310000000000003,11.768,7.859,1.332,1.209,9.247,5.657,20.32,19.739,0.7270000000000001,0.511,11.885000000000002,10.115,12.548,11.627,0.9179999999999999,0.49399999999999994,7.484999999999999,6.6,0.9848000000000001,30.071999999999996,24.343,19.435000000000002,24.111,2.5629999999999997,1.86
"2022-02-08 - CBJ 5, WSH 4",CBJ,2022-02-08,CBJ,5,WSH,4,Lost,7.0,50.693,42.361999999999995,39.596000000000004,31.506,3.41,2.2220000000000004,11.578,8.056000000000001,1.4489999999999998,1.297,9.461,5.947,22.565,19.621000000000002,0.8380000000000001,0.4050000000000001,12.513,9.982,13.618,11.552000000000001,1.1179999999999999,0.502,8.411999999999999,6.496,0.9811,31.862000000000002,25.191,19.606,23.759,2.633,1.8990000000000002
"2022-02-10 - CBJ 4, BUF 3",CBJ,2022-02-10,CBJ,4,BUF,3,Lost,1.0,53.035000000000004,42.69199999999999,41.333,32.508,3.289,2.44,11.779,8.369000000000002,1.541,1.309,9.489999999999998,5.931,23.639,19.972,0.8380000000000001,0.4050000000000001,12.956999999999999,10.367999999999999,14.364,11.293000000000001,0.909,0.7129999999999999,8.553999999999998,6.337000000000001,1.0018,32.482,26.155,19.669999999999998,23.996000000000002,2.694,1.984
"2022-02-12 - CBJ 2, MTL 1",CBJ,2022-02-12,CBJ,2,MTL,1,Lost,1.0,52.690999999999995,42.221999999999994,40.910999999999994,32.205,3.575,2.004,11.399000000000001,7.108,1.64,0.767,9.09,4.683,23.668,21.46,0.9270000000000002,0.492,12.736,11.283,14.336000000000002,10.84,1.004,0.7129999999999999,8.577,6.104,0.9773000000000002,31.940999999999995,25.707,18.000999999999998,23.479999999999997,2.642,1.7259999999999998
"2022-02-15 - CBJ 2, CGY 6",CBJ,2022-02-15,CBJ,2,CGY,6,Won,2.0,50.096999999999994,45.965999999999994,38.977,34.809000000000005,2.9750000000000005,2.0100000000000002,10.162,8.615,1.35,0.873,8.062000000000001,5.519,22.086000000000002,21.936,0.7150000000000001,0.398,11.821000000000002,11.229,14.336000000000002,12.133,0.9,0.7129999999999999,7.968000000000001,6.836,0.9858,29.474,24.494,20.735000000000003,25.095999999999997,2.413,1.9880000000000002
"2022-02-17 - CBJ 7, CHI 4",CBJ,2022-02-17,CBJ,7,CHI,4,Lost,1.0,51.806000000000004,46.269999999999996,40.926,35.164,3.371,1.999,10.681000000000001,8.456,1.6460000000000001,0.9730000000000001,8.077,5.577,23.289,22.418,0.7220000000000001,0.398,12.8,10.998,14.528,12.224,1.0,0.6089999999999999,8.331999999999999,6.4959999999999996,0.9785000000000001,30.601999999999997,25.171,20.692,24.589999999999996,2.472,1.9779999999999998
"2022-02-20 - BUF 3, CBJ 7",CBJ,2022-02-20,BUF,3,CBJ,7,Won,2.0,51.717000000000006,48.301,40.801,36.233999999999995,3.342,2.441,10.492,8.584999999999999,1.7309999999999999,0.9870000000000001,8.129000000000001,5.755999999999999,24.048,24.3,0.617,0.62,13.187000000000001,11.564,13.971,12.505999999999998,0.991,0.818,8.057,6.662000000000001,0.9951000000000001,30.78,24.462,21.082,25.307,2.402,2.027
"2022-02-22 - TOR 3, CBJ 4",CBJ,2022-02-22,TOR,3,CBJ,4,Won,1.0,52.234,49.30499999999999,41.232000000000006,37.213,3.438,2.9270000000000005,10.862,8.556000000000001,1.828,1.1789999999999998,8.615,5.901,23.607,25.032,0.617,0.7150000000000001,12.862,11.876,14.622,12.841,0.991,1.0099999999999998,8.313,7.1,1.0066000000000002,30.996999999999996,25.527,21.353,26.144,2.4859999999999998,2.1060000000000003
"2022-02-24 - CBJ 6, FLA 3",CBJ,2022-02-24,CBJ,6,FLA,3,Lost,1.0,48.596000000000004,50.051,37.424,37.871,3.0060000000000002,3.114,9.786,8.565999999999999,1.7130000000000003,1.1789999999999998,7.656000000000001,5.907,21.919,25.248,0.505,0.7150000000000001,11.768,12.217,13.934000000000001,13.035,0.7889999999999999,1.2009999999999998,7.728,7.233,1.0184,28.253000000000004,23.8,21.532999999999998,26.901,2.216,2.154
"2022-02-25 - CBJ 0, CAR 4",CBJ,2022-02-25,CBJ,0,CAR,4,Won,0.0,48.06400000000001,49.893,36.672000000000004,38.599000000000004,2.982,3.353,9.443000000000001,9.072999999999999,1.698,1.2049999999999998,7.266,6.291,21.53,24.477,0.4,0.7150000000000001,11.818,12.633,14.068000000000001,13.048000000000002,0.884,1.4209999999999998,7.612,7.346000000000001,1.0226000000000002,27.934000000000005,23.593,22.061,27.679000000000002,2.105,2.272
"2022-02-27 - PIT 3, CBJ 2",CBJ,2022-02-27,PIT,3,CBJ,2,Lost,1.0,50.859,46.343,39.193,36.589,3.088,2.934,10.276,8.347,1.6040000000000003,1.205,8.091,6.176,23.221,22.96,0.507,0.516,13.256,11.746,14.535999999999998,12.555000000000001,0.983,1.22,7.814,7.071000000000001,1.0114,30.119999999999997,24.869,20.872,26.256999999999998,2.3920000000000003,2.182
"2022-03-01 - NJ 3, CBJ 4",CBJ,2022-03-01,NJ,3,CBJ,4,Won,1.0,49.177,46.443,38.623000000000005,37.241,2.5509999999999997,2.844,10.263,8.347999999999999,1.388,1.117,7.879,5.898,22.613,23.022,0.48999999999999994,0.611,13.455999999999998,12.206,13.677000000000001,12.312999999999999,0.6769999999999999,1.117,6.988000000000001,6.9670000000000005,1.0193999999999999,29.287,24.034,20.591,26.423000000000002,2.332,2.166
"2022-03-04 - LA 4, CBJ 3",CBJ,2022-03-04,LA,4,CBJ,3,Lost,2.0,49.469,46.369,38.354,37.638,2.459,2.818,10.046000000000001,8.181999999999999,1.1949999999999998,1.105,7.735999999999999,5.973,22.812,23.319,0.48999999999999994,0.7,13.297,12.206999999999999,14.428999999999998,12.172,0.7789999999999999,0.9999999999999998,7.547,7.052,1.0215,29.563,24.575,20.271,26.657,2.321,2.1390000000000002
"2022-03-05 - BOS 5, CBJ 4",CBJ,2022-03-05,BOS,5,CBJ,4,Lost,0.0,50.845,44.94799999999999,39.659000000000006,35.908,2.481,2.8970000000000002,10.217,8.318999999999999,1.096,1.2959999999999998,8.072,6.336,24.56,22.206,0.6,0.501,13.878,11.048,14.497000000000003,11.823,0.79,1.0950000000000002,8.086,7.029999999999999,1.0324,31.288,24.837,20.046,25.895,2.362,2.1130000000000004
"2022-03-07 - TOR 5, CBJ 4",CBJ,2022-03-07,TOR,5,CBJ,4,Lost,1.0,51.634,42.04,40.332,33.313,2.697,2.9779999999999998,9.635000000000002,6.516,1.3030000000000002,1.284,7.665000000000001,5.213,26.705000000000002,21.923000000000002,0.694,0.501,14.869,10.908000000000001,13.886000000000001,11.249,0.6940000000000001,1.1909999999999998,8.047,6.118,1.0352000000000001,31.852000000000004,23.630000000000003,17.698,23.580000000000002,2.292,1.8470000000000002
"2022-03-10 - CBJ 0, NYI 6",CBJ,2022-03-10,CBJ,0,NYI,6,Won,2.0,52.269000000000005,42.212,40.337,33.013999999999996,2.737,2.868,10.366999999999999,6.978999999999999,1.436,1.169,8.083,5.519,26.202999999999996,21.084,0.599,0.501,14.343,10.967,14.372,11.065999999999999,0.6990000000000001,1.191,7.763,6.084999999999999,1.0256,31.433999999999997,24.835,17.987000000000002,24.110000000000003,2.456,1.9130000000000003
"2022-03-11 - MIN 2, CBJ 3",CBJ,2022-03-11,MIN,2,CBJ,3,Won,0.0,53.513999999999996,39.312,41.755,30.985000000000003,2.751,2.332,11.501,6.9,1.447,1.061,8.928999999999998,5.454000000000001,25.684000000000005,18.735999999999997,0.599,0.279,13.892999999999997,10.11,14.703999999999999,10.866,0.701,0.982,7.9239999999999995,5.631,1.0093999999999999,32.036,26.276,17.752,22.625999999999998,2.7489999999999997,1.777
"2022-03-13 - VGK 4, CBJ 6",CBJ,2022-03-13,VGK,4,CBJ,6,Won,1.0,53.274,36.968,41.510000000000005,28.488,2.55,1.754,11.439,6.224,1.35,0.7769999999999999,8.864,4.872,25.425,17.44,0.49399999999999994,0.184,13.547999999999998,9.546000000000001,14.732000000000003,9.985000000000001,0.701,0.7899999999999999,7.994,4.808999999999999,0.9978,31.8,26.183,16.216,20.894000000000002,2.678,1.588
"2022-03-16 - CBJ 4, OTT 1",CBJ,2022-03-16,CBJ,4,OTT,1,Lost,2.0,52.568,36.814,41.208,28.756999999999998,2.646,1.9509999999999998,11.391,7.226999999999999,1.346,0.968,8.814,5.791,24.775,16.552,0.49399999999999994,0.29100000000000004,12.376999999999999,9.018,14.866000000000003,10.016,0.807,0.694,8.290000000000001,5.11,0.9957,30.852999999999998,26.285000000000004,17.255000000000003,21.427,2.6950000000000003,1.653
"2022-03-17 - WSH 7, CBJ 2",CBJ,2022-03-17,WSH,7,CBJ,2,Lost,0.0,52.573,38.748,41.494,30.0,2.5509999999999997,1.738,10.908,7.3759999999999994,1.347,0.9640000000000001,8.494,5.811,25.282,17.13,0.49399999999999994,0.396,12.866,9.399,14.894,10.873000000000001,0.712,0.38,8.45,5.423,0.9870000000000001,30.972,25.839999999999996,18.262,22.346,2.664,1.705
"2022-03-19 - STL 4, CBJ 5",CBJ,2022-03-19,STL,4,CBJ,5,Won,1.0,51.21900000000001,39.531,39.937,30.444,2.682,1.83,10.476,7.183,1.775,1.055,8.116,5.654000000000001,24.232,17.914,0.38699999999999996,0.396,11.936,9.87,14.488,10.786999999999999,0.517,0.38,8.195,5.46,0.9841,29.645,24.988999999999997,18.003999999999998,22.704,2.4259999999999997,1.673
"2022-03-22 - CBJ 1, PIT 5",CBJ,2022-03-22,CBJ,1,PIT,5,Won,2.0,50.083999999999996,38.987,38.742000000000004,30.095,2.576,2.032,9.751000000000001,7.090999999999999,1.7729999999999997,1.154,7.507,5.851000000000001,24.125,17.939,0.293,0.301,11.604,9.244000000000002,14.162,10.611,0.517,0.568,7.980999999999999,5.468,0.9968000000000001,28.605,23.943,17.737000000000002,22.222,2.292,1.639
"2022-03-25 - CBJ 3, WPG 4",CBJ,2022-03-25,CBJ,3,WPG,4,Won,2.0,49.431,38.532,38.763,29.156,2.859,1.746,10.203,6.999,2.0599999999999996,1.0599999999999998,7.978,5.728,23.184,17.607999999999997,0.388,0.21200000000000002,11.713,8.761,13.817000000000002,10.658,0.41500000000000004,0.47400000000000003,7.823,5.444,0.9754999999999999,29.024,24.023000000000003,17.720999999999997,21.478,2.384,1.592
"2022-03-26 - CBJ 2, MIN 3",CBJ,2022-03-26,CBJ,2,MIN,3,Won,0.0,48.601,39.826,37.575,29.767000000000003,2.645,1.5610000000000002,10.343,7.453,2.1540000000000004,0.8690000000000001,7.945,5.761,21.014000000000003,16.854999999999997,0.189,0.21200000000000002,10.865,8.608,14.353,11.764999999999999,0.309,0.485,7.978,5.863,0.9715,27.871,24.668,19.31,21.889,2.4479999999999995,1.6759999999999997
"2022-03-29 - NYI 4, CBJ 3",CBJ,2022-03-29,NYI,4,CBJ,3,Lost,2.0,47.027,39.515,36.539,30.052000000000003,2.3369999999999997,1.475,11.191999999999998,7.778999999999999,1.9470000000000003,0.876,8.542,5.981,18.654,17.015,0.095,0.21200000000000002,9.748000000000001,9.046000000000001,14.007,10.754,0.309,0.389,7.948,5.596,0.9747,27.506,25.173,18.637,22.335,2.525,1.734
"2022-03-31 - CBJ 2, NYI 5",CBJ,2022-03-31,CBJ,2,NYI,5,Won,1.0,44.497,40.765,35.003,31.32,2.124,1.6640000000000001,9.517,7.544,1.7309999999999999,0.8789999999999999,7.542,5.739,18.015,18.187,0.095,0.21200000000000002,9.504,9.886,13.797,11.379000000000001,0.308,0.588,8.169,6.247000000000001,0.9815999999999999,26.618000000000002,23.296,19.031,23.573,2.226,1.741
"2022-04-02 - CBJ 2, BOS 5",CBJ,2022-04-02,CBJ,2,BOS,5,Won,1.0,45.061,42.083999999999996,35.47,32.958000000000006,2.213,1.8669999999999998,8.851,7.85,1.534,1.084,6.976000000000001,5.9479999999999995,18.624000000000002,18.457,0.19,0.21200000000000002,10.007000000000001,10.042,14.38,11.845,0.493,0.588,8.854,6.743,0.9893000000000001,27.331,23.187,19.825,24.626,2.096,1.8410000000000004
"2022-04-04 - BOS 3, CBJ 2",CBJ,2022-04-04,BOS,3,CBJ,2,Lost,1.0,46.152,43.818,36.557,34.075,2.2939999999999996,2.074,9.181999999999999,8.507000000000001,1.614,1.291,7.356999999999999,6.49,18.902,18.583,0.19,0.21200000000000002,10.066999999999998,9.775,14.460999999999999,13.054999999999998,0.493,0.588,8.956999999999999,7.177,0.9978999999999999,28.248,23.624000000000002,21.689,25.270999999999997,2.211,2.011
"2022-04-05 - CBJ 4, PHI 2",CBJ,2022-04-05,CBJ,4,PHI,2,Lost,0.0,45.62,42.616,36.632,32.748000000000005,2.194,1.877,9.318999999999999,7.603,1.507,1.1,7.593000000000001,5.672,19.151999999999997,18.778,0.19,0.10500000000000001,10.815,9.629999999999999,13.809999999999999,12.834,0.492,0.6839999999999999,8.557,6.586,1.0057,28.649,23.091,20.561,23.585,2.193,1.9010000000000002
"2022-04-07 - PHI 4, CBJ 1",CBJ,2022-04-07,PHI,4,CBJ,1,Lost,1.0,46.456,42.858000000000004,37.29,32.488,2.287,1.8820000000000001,9.775,7.459999999999999,1.598,1.2109999999999999,7.877000000000001,5.441,19.215,19.814,0.19,0.0,10.979000000000001,9.684000000000001,13.915000000000001,12.637,0.492,0.6839999999999999,8.754,6.279999999999999,1.0059,29.406,23.656,20.216,23.015,2.295,1.8039999999999998
"2022-04-09 - CBJ 5, DET 4",CBJ,2022-04-09,CBJ,5,DET,4,Lost,1.0,45.768,42.471000000000004,36.926,32.001,2.2830000000000004,1.7900000000000003,9.631,7.05,1.385,1.1199999999999999,7.839,5.202,19.419,19.931,0.19,0.0,10.613,9.501,13.855,12.85,0.7030000000000001,0.6839999999999999,8.724,6.507000000000001,0.9982,28.761000000000003,23.469,19.997,22.73,2.3,1.7530000000000001
"2022-04-13 - MTL 1, CBJ 5",CBJ,2022-04-13,MTL,1,CBJ,5,Won,3.0,45.738,43.53,36.741,32.325,2.556,1.718,9.777,7.340999999999999,1.467,1.141,8.103,5.264,18.36,20.476000000000003,0.27799999999999997,0.0,10.541,9.918,14.559999999999999,12.997,0.799,0.6010000000000001,9.179,6.435,0.9837,29.268,24.316,20.436,23.011000000000003,2.3200000000000003,1.7990000000000002
"2022-04-16 - CBJ 1, LA 2",CBJ,2022-04-16,CBJ,1,LA,2,Won,2.0,45.101,45.071000000000005,36.165000000000006,33.068,2.1719999999999997,2.109,9.501000000000001,7.755000000000001,1.1800000000000002,1.24,7.422,5.396,18.383000000000003,20.34,0.183,0.20099999999999998,10.655,9.917,14.102,13.607,0.799,0.699,8.402,6.766,1.0138000000000003,27.967000000000002,23.612,21.414,23.717000000000002,2.227,1.8650000000000002
"2022-04-17 - CBJ 4, ANA 6",CBJ,2022-04-17,CBJ,4,ANA,6,Won,0.0,45.42700000000001,44.057,37.03099999999999,32.022000000000006,2.271,2.109,10.32,7.732000000000001,1.185,1.3439999999999999,8.142,5.579,18.895999999999997,20.560000000000002,0.183,0.20099999999999998,10.506,9.336,13.879000000000001,13.16,0.8939999999999999,0.593,8.222,6.456999999999999,1.0130000000000001,28.377,24.207,20.944,22.791,2.353,1.844
"2022-04-19 - CBJ 2, SJ 3",CBJ,2022-04-19,CBJ,2,SJ,3,Won,1.0,46.523,44.882999999999996,37.544000000000004,32.73,2.7520000000000002,2.4130000000000003,10.222000000000001,8.229,1.472,1.448,8.111,6.068,19.812,20.442,0.28900000000000003,0.294,10.759,9.157,14.405000000000001,13.868,0.9890000000000001,0.6990000000000001,8.334,6.641,1.0074,28.619,24.616,22.176000000000002,23.357999999999997,2.3760000000000003,1.925
"2022-04-22 - OTT 2, CBJ 1",CBJ,2022-04-22,OTT,2,CBJ,1,Lost,2.0,46.683,43.57000000000001,36.81099999999999,31.262,2.6310000000000002,2.2329999999999997,10.467,8.187000000000001,1.355,1.4580000000000002,8.287,5.997,19.586,19.655,0.28900000000000003,0.294,10.34,8.075,14.152000000000001,13.669,0.9790000000000001,0.5,8.297,6.106999999999999,1.009,28.365999999999996,24.598000000000003,21.93,21.567,2.4219999999999997,1.8690000000000002
"2022-04-24 - EDM 2, CBJ 5",CBJ,2022-04-24,EDM,2,CBJ,5,Won,1.0,45.68,43.983000000000004,35.576,31.183999999999997,2.3459999999999996,2.0300000000000002,9.940000000000001,7.574999999999998,1.355,1.2530000000000001,7.726000000000001,5.504,19.512,20.144,0.288,0.294,10.132,8.506,13.895,13.992,0.696,0.5,7.5009999999999994,6.4079999999999995,1.0063,26.662,23.856,21.564,21.725,2.2939999999999996,1.8359999999999999
"2022-04-26 - CBJ 1, TB 4",CBJ,2022-04-26,CBJ,1,TB,4,Won,1.0,45.036,42.737,34.916000000000004,30.927,2.265,2.107,9.624,7.453,1.275,1.329,7.463000000000001,5.412000000000001,19.881,20.387999999999998,0.288,0.294,10.385000000000002,8.909,13.585000000000003,13.038999999999998,0.696,0.5,7.393000000000001,6.257,1.0128,26.28,23.21,20.505,21.580000000000002,2.195,1.766
"2022-04-28 - TB 2, CBJ 5",CBJ,2022-04-28,TB,2,CBJ,5,Won,1.0,45.567,44.940999999999995,35.267,31.943,2.35,1.92,9.78,7.888,1.3690000000000002,1.329,7.333,5.535,19.324,21.049,0.288,0.294,10.46,8.836,14.109,13.818000000000001,0.686,0.309,7.881,6.5569999999999995,0.9965999999999999,26.727999999999998,23.871000000000002,21.756,22.026,2.219,1.861
"2022-04-29 - CBJ 3, PIT 5",CBJ,2022-04-29,CBJ,3,PIT,5,Won,0.0,43.42,44.106,33.359,31.887999999999998,2.163,1.888,9.411999999999999,7.3809999999999985,1.184,1.1030000000000002,6.823,5.279999999999999,18.518,20.563,0.288,0.294,9.543,8.958,13.546000000000001,13.546000000000001,0.686,0.501,7.248,6.327,1.0015,24.56,22.925,20.967000000000002,21.843,2.118,1.855
